Country Name,Country Code,Classification Name,Classification Code,Series Name,Series Code,2011 [YR2011],Region 
Albania,ALB,01. Gross domestic product,C01,REAL EXPENDITURES PER CAPITA (US$),S06,9962.573476,Eurostat-OECD
Albania,ALB,01. Gross domestic product,C01,PRICE LEVEL INDEX (World = 100),S08,57.81795821,Eurostat-OECD
Albania,ALB,02. Actual individual consumption,C02,REAL EXPENDITURES PER CAPITA (US$),S06,8115.911531,Eurostat-OECD
Albania,ALB,02. Actual individual consumption,C02,PRICE LEVEL INDEX (World = 100),S08,58.55245429,Eurostat-OECD
Algeria,DZA,01. Gross domestic product,C01,REAL EXPENDITURES PER CAPITA (US$),S06,13195.01617,AFRICA
Algeria,DZA,01. Gross domestic product,C01,PRICE LEVEL INDEX (World = 100),S08,53.9264175,AFRICA
Algeria,DZA,02. Actual individual consumption,C02,REAL EXPENDITURES PER CAPITA (US$),S06,6270.190585,AFRICA
Algeria,DZA,02. Actual individual consumption,C02,PRICE LEVEL INDEX (World = 100),S08,49.35611368,AFRICA
Angola,AGO,01. Gross domestic product,C01,REAL EXPENDITURES PER CAPITA (US$),S06,7288.009299,AFRICA
Angola,AGO,01. Gross domestic product,C01,PRICE LEVEL INDEX (World = 100),S08,93.97606144,AFRICA
Angola,AGO,02. Actual individual consumption,C02,REAL EXPENDITURES PER CAPITA (US$),S06,4319.077831,AFRICA
Angola,AGO,02. Actual individual consumption,C02,PRICE LEVEL INDEX (World = 100),S08,93.04730108,AFRICA
Anguilla,AIA,01. Gross domestic product,C01,REAL EXPENDITURES PER CAPITA (US$),S06,27274.20714,LATIN AMERICA AND CARIBBEAN
Anguilla,AIA,01. Gross domestic product,C01,PRICE LEVEL INDEX (World = 100),S08,99.20213469,LATIN AMERICA AND CARIBBEAN
Anguilla,AIA,02. Actual individual consumption,C02,REAL EXPENDITURES PER CAPITA (US$),S06,21118.72566,LATIN AMERICA AND CARIBBEAN
Anguilla,AIA,02. Actual individual consumption,C02,PRICE LEVEL INDEX (World = 100),S08,108.4889791,LATIN AMERICA AND CARIBBEAN
Antigua and Barbuda,ATG,01. Gross domestic product,C01,REAL EXPENDITURES PER CAPITA (US$),S06,20540.40191,CARIBBEAN
Antigua and Barbuda,ATG,01. Gross domestic product,C01,PRICE LEVEL INDEX (World = 100),S08,82.6944871,CARIBBEAN
Antigua and Barbuda,ATG,02. Actual individual consumption,C02,REAL EXPENDITURES PER CAPITA (US$),S06,12549.45263,CARIBBEAN
Antigua and Barbuda,ATG,02. Actual individual consumption,C02,PRICE LEVEL INDEX (World = 100),S08,89.15195112,CARIBBEAN
Armenia,ARM,01. Gross domestic product,C01,REAL EXPENDITURES PER CAPITA (US$),S06,6696.056732,COMMONWEALTH OF INDEPENDENT STATES
Armenia,ARM,01. Gross domestic product,C01,PRICE LEVEL INDEX (World = 100),S08,64.76865305,COMMONWEALTH OF INDEPENDENT STATES
Armenia,ARM,02. Actual individual consumption,C02,REAL EXPENDITURES PER CAPITA (US$),S06,7303.675192,COMMONWEALTH OF INDEPENDENT STATES
Armenia,ARM,02. Actual individual consumption,C02,PRICE LEVEL INDEX (World = 100),S08,50.99480055,COMMONWEALTH OF INDEPENDENT STATES
Aruba,ABW,01. Gross domestic product,C01,REAL EXPENDITURES PER CAPITA (US$),S06,36016.66882, The CARIBBEAN
Aruba,ABW,01. Gross domestic product,C01,PRICE LEVEL INDEX (World = 100),S08,90.7795298, The CARIBBEAN
Aruba,ABW,02. Actual individual consumption,C02,REAL EXPENDITURES PER CAPITA (US$),S06,23999.98566, The CARIBBEAN
Aruba,ABW,02. Actual individual consumption,C02,PRICE LEVEL INDEX (World = 100),S08,102.9227137, The CARIBBEAN
Australia,AUS,01. Gross domestic product,C01,REAL EXPENDITURES PER CAPITA (US$),S06,42000.44049,Eurostat-OECD
Australia,AUS,01. Gross domestic product,C01,PRICE LEVEL INDEX (World = 100),S08,200.9913853,Eurostat-OECD
Australia,AUS,02. Actual individual consumption,C02,REAL EXPENDITURES PER CAPITA (US$),S06,27089.34537,Eurostat-OECD
Australia,AUS,02. Actual individual consumption,C02,PRICE LEVEL INDEX (World = 100),S08,193.5219236,Eurostat-OECD
Austria,AUT,01. Gross domestic product,C01,REAL EXPENDITURES PER CAPITA (US$),S06,42978.10953,Eurostat-OECD
Austria,AUT,01. Gross domestic product,C01,PRICE LEVEL INDEX (World = 100),S08,148.7903255,Eurostat-OECD
Austria,AUT,02. Actual individual consumption,C02,REAL EXPENDITURES PER CAPITA (US$),S06,27676.67668,Eurostat-OECD
Austria,AUT,02. Actual individual consumption,C02,PRICE LEVEL INDEX (World = 100),S08,147.2914794,Eurostat-OECD
Azerbaijan,AZE,01. Gross domestic product,C01,REAL EXPENDITURES PER CAPITA (US$),S06,15962.92237,COMMONWEALTH OF INDEPENDENT STATES
Azerbaijan,AZE,01. Gross domestic product,C01,PRICE LEVEL INDEX (World = 100),S08,58.84974008,COMMONWEALTH OF INDEPENDENT STATES
Azerbaijan,AZE,02. Actual individual consumption,C02,REAL EXPENDITURES PER CAPITA (US$),S06,8365.728377,COMMONWEALTH OF INDEPENDENT STATES
Azerbaijan,AZE,02. Actual individual consumption,C02,PRICE LEVEL INDEX (World = 100),S08,44.54022208,COMMONWEALTH OF INDEPENDENT STATES
"Bahamas, The",BHS,01. Gross domestic product,C01,REAL EXPENDITURES PER CAPITA (US$),S06,22639.31279,CARIBBEAN
"Bahamas, The",BHS,01. Gross domestic product,C01,PRICE LEVEL INDEX (World = 100),S08,122.4079773,CARIBBEAN
"Bahamas, The",BHS,02. Actual individual consumption,C02,REAL EXPENDITURES PER CAPITA (US$),S06,15565.27351,CARIBBEAN
"Bahamas, The",BHS,02. Actual individual consumption,C02,PRICE LEVEL INDEX (World = 100),S08,132.1042427,CARIBBEAN
Bahrain,BHR,01. Gross domestic product,C01,REAL EXPENDITURES PER CAPITA (US$),S06,43360.47297,WESTERN ASIA
Bahrain,BHR,01. Gross domestic product,C01,PRICE LEVEL INDEX (World = 100),S08,71.97126064,WESTERN ASIA
Bahrain,BHR,02. Actual individual consumption,C02,REAL EXPENDITURES PER CAPITA (US$),S06,18626.26632,WESTERN ASIA
Bahrain,BHR,02. Actual individual consumption,C02,PRICE LEVEL INDEX (World = 100),S08,70.80227844,WESTERN ASIA
Bangladesh,BGD,01. Gross domestic product,C01,REAL EXPENDITURES PER CAPITA (US$),S06,2800.366754,ASIA AND THE PACIFIC
Bangladesh,BGD,01. Gross domestic product,C01,PRICE LEVEL INDEX (World = 100),S08,40.25032846,ASIA AND THE PACIFIC
Bangladesh,BGD,02. Actual individual consumption,C02,REAL EXPENDITURES PER CAPITA (US$),S06,2138.051545,ASIA AND THE PACIFIC
Bangladesh,BGD,02. Actual individual consumption,C02,PRICE LEVEL INDEX (World = 100),S08,38.33606931,ASIA AND THE PACIFIC
Barbados,BRB,01. Gross domestic product,C01,REAL EXPENDITURES PER CAPITA (US$),S06,15353.63526,CARIBBEAN
Barbados,BRB,01. Gross domestic product,C01,PRICE LEVEL INDEX (World = 100),S08,130.0353391,CARIBBEAN
Barbados,BRB,02. Actual individual consumption,C02,REAL EXPENDITURES PER CAPITA (US$),S06,12326.22037,CARIBBEAN
Barbados,BRB,02. Actual individual consumption,C02,PRICE LEVEL INDEX (World = 100),S08,139.4552308,CARIBBEAN
Belarus,BLR,01. Gross domestic product,C01,REAL EXPENDITURES PER CAPITA (US$),S06,16603.09058,COMMONWEALTH OF INDEPENDENT STATES
Belarus,BLR,01. Gross domestic product,C01,PRICE LEVEL INDEX (World = 100),S08,43.4601626,COMMONWEALTH OF INDEPENDENT STATES
Belarus,BLR,02. Actual individual consumption,C02,REAL EXPENDITURES PER CAPITA (US$),S06,11576.16729,COMMONWEALTH OF INDEPENDENT STATES
Belarus,BLR,02. Actual individual consumption,C02,PRICE LEVEL INDEX (World = 100),S08,34.17614207,COMMONWEALTH OF INDEPENDENT STATES
Belgium,BEL,01. Gross domestic product,C01,REAL EXPENDITURES PER CAPITA (US$),S06,40092.72106,Eurostat-OECD
Belgium,BEL,01. Gross domestic product,C01,PRICE LEVEL INDEX (World = 100),S08,150.3932743,Eurostat-OECD
Belgium,BEL,02. Actual individual consumption,C02,REAL EXPENDITURES PER CAPITA (US$),S06,26250.35906,Eurostat-OECD
Belgium,BEL,02. Actual individual consumption,C02,PRICE LEVEL INDEX (World = 100),S08,151.7603684,Eurostat-OECD
Belize,BLZ,01. Gross domestic product,C01,REAL EXPENDITURES PER CAPITA (US$),S06,8212.198695,CARIBBEAN
Belize,BLZ,01. Gross domestic product,C01,PRICE LEVEL INDEX (World = 100),S08,74.13481664,CARIBBEAN
Belize,BLZ,02. Actual individual consumption,C02,REAL EXPENDITURES PER CAPITA (US$),S06,6491.8469,CARIBBEAN
Belize,BLZ,02. Actual individual consumption,C02,PRICE LEVEL INDEX (World = 100),S08,68.8737153,CARIBBEAN
Benin,BEN,01. Gross domestic product,C01,REAL EXPENDITURES PER CAPITA (US$),S06,1766.070272,AFRICA
Benin,BEN,01. Gross domestic product,C01,PRICE LEVEL INDEX (World = 100),S08,58.4917345,AFRICA
Benin,BEN,02. Actual individual consumption,C02,REAL EXPENDITURES PER CAPITA (US$),S06,1473.073685,AFRICA
Benin,BEN,02. Actual individual consumption,C02,PRICE LEVEL INDEX (World = 100),S08,54.76509424,AFRICA
Bermuda,BMU,01. Gross domestic product,C01,REAL EXPENDITURES PER CAPITA (US$),S06,54898.65482,CARIBBEAN
Bermuda,BMU,01. Gross domestic product,C01,PRICE LEVEL INDEX (World = 100),S08,201.6284774,CARIBBEAN
Bermuda,BMU,02. Actual individual consumption,C02,REAL EXPENDITURES PER CAPITA (US$),S06,37924.195,CARIBBEAN
Bermuda,BMU,02. Actual individual consumption,C02,PRICE LEVEL INDEX (World = 100),S08,220.6964744,CARIBBEAN
Bhutan,BTN,01. Gross domestic product,C01,REAL EXPENDITURES PER CAPITA (US$),S06,7199.310978,ASIA AND THE PACIFIC
Bhutan,BTN,01. Gross domestic product,C01,PRICE LEVEL INDEX (World = 100),S08,46.57313513,ASIA AND THE PACIFIC
Bhutan,BTN,02. Actual individual consumption,C02,REAL EXPENDITURES PER CAPITA (US$),S06,3997.962241,ASIA AND THE PACIFIC
Bhutan,BTN,02. Actual individual consumption,C02,PRICE LEVEL INDEX (World = 100),S08,41.86637819,ASIA AND THE PACIFIC
Bolivia,BOL,01. Gross domestic product,C01,REAL EXPENDITURES PER CAPITA (US$),S06,5557.023706,LATIN AMERICA
Bolivia,BOL,01. Gross domestic product,C01,PRICE LEVEL INDEX (World = 100),S08,54.76612585,LATIN AMERICA
Bolivia,BOL,02. Actual individual consumption,C02,REAL EXPENDITURES PER CAPITA (US$),S06,3660.565607,LATIN AMERICA
Bolivia,BOL,02. Actual individual consumption,C02,PRICE LEVEL INDEX (World = 100),S08,50.33386763,LATIN AMERICA
Bosnia and Herzegovina,BIH,01. Gross domestic product,C01,REAL EXPENDITURES PER CAPITA (US$),S06,9628.758999,Eurostat-OECD
Bosnia and Herzegovina,BIH,01. Gross domestic product,C01,PRICE LEVEL INDEX (World = 100),S08,66.38144871,Eurostat-OECD
Bosnia and Herzegovina,BIH,02. Actual individual consumption,C02,REAL EXPENDITURES PER CAPITA (US$),S06,8467.625955,Eurostat-OECD
Bosnia and Herzegovina,BIH,02. Actual individual consumption,C02,PRICE LEVEL INDEX (World = 100),S08,68.17642108,Eurostat-OECD
Botswana,BWA,01. Gross domestic product,C01,REAL EXPENDITURES PER CAPITA (US$),S06,13408.578,AFRICA
Botswana,BWA,01. Gross domestic product,C01,PRICE LEVEL INDEX (World = 100),S08,70.98024269,AFRICA
Botswana,BWA,02. Actual individual consumption,C02,REAL EXPENDITURES PER CAPITA (US$),S06,6780.312388,AFRICA
Botswana,BWA,02. Actual individual consumption,C02,PRICE LEVEL INDEX (World = 100),S08,74.14528199,AFRICA
Brazil,BRA,01. Gross domestic product,C01,REAL EXPENDITURES PER CAPITA (US$),S06,14639.42087,LATIN AMERICA
Brazil,BRA,01. Gross domestic product,C01,PRICE LEVEL INDEX (World = 100),S08,113.3997503,LATIN AMERICA
Brazil,BRA,02. Actual individual consumption,C02,REAL EXPENDITURES PER CAPITA (US$),S06,9906.149395,LATIN AMERICA
Brazil,BRA,02. Actual individual consumption,C02,PRICE LEVEL INDEX (World = 100),S08,110.7828883,LATIN AMERICA
Brunei Darussalam,BRN,01. Gross domestic product,C01,REAL EXPENDITURES PER CAPITA (US$),S06,74396.61995,ASIA AND THE PACIFIC
Brunei Darussalam,BRN,01. Gross domestic product,C01,PRICE LEVEL INDEX (World = 100),S08,73.54768312,ASIA AND THE PACIFIC
Brunei Darussalam,BRN,02. Actual individual consumption,C02,REAL EXPENDITURES PER CAPITA (US$),S06,15683.26601,ASIA AND THE PACIFIC
Brunei Darussalam,BRN,02. Actual individual consumption,C02,PRICE LEVEL INDEX (World = 100),S08,80.47016639,ASIA AND THE PACIFIC
Bulgaria,BGR,01. Gross domestic product,C01,REAL EXPENDITURES PER CAPITA (US$),S06,15522.041,Eurostat-OECD
Bulgaria,BGR,01. Gross domestic product,C01,PRICE LEVEL INDEX (World = 100),S08,60.51041648,Eurostat-OECD
Bulgaria,BGR,02. Actual individual consumption,C02,REAL EXPENDITURES PER CAPITA (US$),S06,10970.24026,Eurostat-OECD
Bulgaria,BGR,02. Actual individual consumption,C02,PRICE LEVEL INDEX (World = 100),S08,58.18209502,Eurostat-OECD
Burkina Faso,BFA,01. Gross domestic product,C01,REAL EXPENDITURES PER CAPITA (US$),S06,1342.901426,AFRICA
Burkina Faso,BFA,01. Gross domestic product,C01,PRICE LEVEL INDEX (World = 100),S08,58.38914673,AFRICA
Burkina Faso,BFA,02. Actual individual consumption,C02,REAL EXPENDITURES PER CAPITA (US$),S06,952.5867889,AFRICA
Burkina Faso,BFA,02. Actual individual consumption,C02,PRICE LEVEL INDEX (World = 100),S08,53.84109083,AFRICA
Burundi,BDI,01. Gross domestic product,C01,REAL EXPENDITURES PER CAPITA (US$),S06,712.1102827,AFRICA
Burundi,BDI,01. Gross domestic product,C01,PRICE LEVEL INDEX (World = 100),S08,43.53735549,AFRICA
Burundi,BDI,02. Actual individual consumption,C02,REAL EXPENDITURES PER CAPITA (US$),S06,648.3395349,AFRICA
Burundi,BDI,02. Actual individual consumption,C02,PRICE LEVEL INDEX (World = 100),S08,43.09863292,AFRICA
Cambodia,KHM,01. Gross domestic product,C01,REAL EXPENDITURES PER CAPITA (US$),S06,2716.980507,ASIA AND THE PACIFIC
Cambodia,KHM,01. Gross domestic product,C01,PRICE LEVEL INDEX (World = 100),S08,42.80242448,ASIA AND THE PACIFIC
Cambodia,KHM,02. Actual individual consumption,C02,REAL EXPENDITURES PER CAPITA (US$),S06,2277.104574,ASIA AND THE PACIFIC
Cambodia,KHM,02. Actual individual consumption,C02,PRICE LEVEL INDEX (World = 100),S08,41.60414892,ASIA AND THE PACIFIC
Cameroon,CMR,01. Gross domestic product,C01,REAL EXPENDITURES PER CAPITA (US$),S06,2756.60029,AFRICA
Cameroon,CMR,01. Gross domestic product,C01,PRICE LEVEL INDEX (World = 100),S08,62.09279293,AFRICA
Cameroon,CMR,02. Actual individual consumption,C02,REAL EXPENDITURES PER CAPITA (US$),S06,2296.879754,AFRICA
Cameroon,CMR,02. Actual individual consumption,C02,PRICE LEVEL INDEX (World = 100),S08,56.4366651,AFRICA
Canada,CAN,01. Gross domestic product,C01,REAL EXPENDITURES PER CAPITA (US$),S06,41068.81422,Eurostat-OECD
Canada,CAN,01. Gross domestic product,C01,PRICE LEVEL INDEX (World = 100),S08,161.9311232,Eurostat-OECD
Canada,CAN,02. Actual individual consumption,C02,REAL EXPENDITURES PER CAPITA (US$),S06,27433.50425,Eurostat-OECD
Canada,CAN,02. Actual individual consumption,C02,PRICE LEVEL INDEX (World = 100),S08,160.1667138,Eurostat-OECD
Cape Verde,CPV,01. Gross domestic product,C01,REAL EXPENDITURES PER CAPITA (US$),S06,6125.718484,AFRICA
Cape Verde,CPV,01. Gross domestic product,C01,PRICE LEVEL INDEX (World = 100),S08,79.43165709,AFRICA
Cape Verde,CPV,02. Actual individual consumption,C02,REAL EXPENDITURES PER CAPITA (US$),S06,4747.283397,AFRICA
Cape Verde,CPV,02. Actual individual consumption,C02,PRICE LEVEL INDEX (World = 100),S08,70.0345198,AFRICA
Cayman Islands,CYM,01. Gross domestic product,C01,REAL EXPENDITURES PER CAPITA (US$),S06,49686.31436,CARIBBEAN
Cayman Islands,CYM,01. Gross domestic product,C01,PRICE LEVEL INDEX (World = 100),S08,147.6292151,CARIBBEAN
Cayman Islands,CYM,02. Actual individual consumption,C02,REAL EXPENDITURES PER CAPITA (US$),S06,34020.36803,CARIBBEAN
Cayman Islands,CYM,02. Actual individual consumption,C02,PRICE LEVEL INDEX (World = 100),S08,155.9140694,CARIBBEAN
Central African Republic,CAF,01. Gross domestic product,C01,REAL EXPENDITURES PER CAPITA (US$),S06,896.9639693,AFRICA
Central African Republic,CAF,01. Gross domestic product,C01,PRICE LEVEL INDEX (World = 100),S08,69.92234105,AFRICA
Central African Republic,CAF,02. Actual individual consumption,C02,REAL EXPENDITURES PER CAPITA (US$),S06,869.3184226,AFRICA
Central African Republic,CAF,02. Actual individual consumption,C02,PRICE LEVEL INDEX (World = 100),S08,64.45199415,AFRICA
Chad,TCD,01. Gross domestic product,C01,REAL EXPENDITURES PER CAPITA (US$),S06,1983.505835,AFRICA
Chad,TCD,01. Gross domestic product,C01,PRICE LEVEL INDEX (World = 100),S08,68.44149767,AFRICA
Chad,TCD,02. Actual individual consumption,C02,REAL EXPENDITURES PER CAPITA (US$),S06,1476.165303,AFRICA
Chad,TCD,02. Actual individual consumption,C02,PRICE LEVEL INDEX (World = 100),S08,61.04619818,AFRICA
Chile,CHL,01. Gross domestic product,C01,REAL EXPENDITURES PER CAPITA (US$),S06,20216.30133,Eurostat-OECD
Chile,CHL,01. Gross domestic product,C01,PRICE LEVEL INDEX (World = 100),S08,92.7859597,Eurostat-OECD
Chile,CHL,02. Actual individual consumption,C02,REAL EXPENDITURES PER CAPITA (US$),S06,13703.36044,Eurostat-OECD
Chile,CHL,02. Actual individual consumption,C02,PRICE LEVEL INDEX (World = 100),S08,91.04534575,Eurostat-OECD
China,CHN,01. Gross domestic product,C01,REAL EXPENDITURES PER CAPITA (US$),S06,10056.70612,ASIA AND THE PACIFIC
China,CHN,01. Gross domestic product,C01,PRICE LEVEL INDEX (World = 100),S08,69.96052082,ASIA AND THE PACIFIC
China,CHN,02. Actual individual consumption,C02,REAL EXPENDITURES PER CAPITA (US$),S06,4330.574544,ASIA AND THE PACIFIC
China,CHN,02. Actual individual consumption,C02,PRICE LEVEL INDEX (World = 100),S08,67.39067577,ASIA AND THE PACIFIC
Colombia,COL,01. Gross domestic product,C01,REAL EXPENDITURES PER CAPITA (US$),S06,11360.4766,LATIN AMERICA
Colombia,COL,01. Gross domestic product,C01,PRICE LEVEL INDEX (World = 100),S08,81.07129868,LATIN AMERICA
Colombia,COL,02. Actual individual consumption,C02,REAL EXPENDITURES PER CAPITA (US$),S06,7836.082289,LATIN AMERICA
Colombia,COL,02. Actual individual consumption,C02,PRICE LEVEL INDEX (World = 100),S08,77.30916051,LATIN AMERICA
Comoros,COM,01. Gross domestic product,C01,REAL EXPENDITURES PER CAPITA (US$),S06,609.7987956,AFRICA
Comoros,COM,01. Gross domestic product,C01,PRICE LEVEL INDEX (World = 100),S08,75.63864905,AFRICA
Comoros,COM,02. Actual individual consumption,C02,REAL EXPENDITURES PER CAPITA (US$),S06,621.4496172,AFRICA
Comoros,COM,02. Actual individual consumption,C02,PRICE LEVEL INDEX (World = 100),S08,70.84327623,AFRICA
"Congo, Dem. Rep.",COD,01. Gross domestic product,C01,REAL EXPENDITURES PER CAPITA (US$),S06,654.5740812,AFRICA
"Congo, Dem. Rep.",COD,01. Gross domestic product,C01,PRICE LEVEL INDEX (World = 100),S08,73.18866566,AFRICA
"Congo, Dem. Rep.",COD,02. Actual individual consumption,C02,REAL EXPENDITURES PER CAPITA (US$),S06,446.6091941,AFRICA
"Congo, Dem. Rep.",COD,02. Actual individual consumption,C02,PRICE LEVEL INDEX (World = 100),S08,66.73285338,AFRICA
"Congo, Rep.",COG,01. Gross domestic product,C01,REAL EXPENDITURES PER CAPITA (US$),S06,5830.295612,AFRICA
"Congo, Rep.",COG,01. Gross domestic product,C01,PRICE LEVEL INDEX (World = 100),S08,79.06012785,AFRICA
"Congo, Rep.",COG,02. Actual individual consumption,C02,REAL EXPENDITURES PER CAPITA (US$),S06,1513.12707,AFRICA
"Congo, Rep.",COG,02. Actual individual consumption,C02,PRICE LEVEL INDEX (World = 100),S08,72.92882714,AFRICA
Costa Rica,CRI,01. Gross domestic product,C01,REAL EXPENDITURES PER CAPITA (US$),S06,13030.39279,LATIN AMERICA
Costa Rica,CRI,01. Gross domestic product,C01,PRICE LEVEL INDEX (World = 100),S08,88.42373221,LATIN AMERICA
Costa Rica,CRI,02. Actual individual consumption,C02,REAL EXPENDITURES PER CAPITA (US$),S06,10243.60644,LATIN AMERICA
Costa Rica,CRI,02. Actual individual consumption,C02,PRICE LEVEL INDEX (World = 100),S08,84.25944327,LATIN AMERICA
Côte d'Ivoire,CIV,01. Gross domestic product,C01,REAL EXPENDITURES PER CAPITA (US$),S06,2668.892946,AFRICA
Côte d'Ivoire,CIV,01. Gross domestic product,C01,PRICE LEVEL INDEX (World = 100),S08,62.37067246,AFRICA
Côte d'Ivoire,CIV,02. Actual individual consumption,C02,REAL EXPENDITURES PER CAPITA (US$),S06,1979.247061,AFRICA
Côte d'Ivoire,CIV,02. Actual individual consumption,C02,PRICE LEVEL INDEX (World = 100),S08,58.05575181,AFRICA
Croatia,HRV,01. Gross domestic product,C01,REAL EXPENDITURES PER CAPITA (US$),S06,20308.31378,Eurostat-OECD
Croatia,HRV,01. Gross domestic product,C01,PRICE LEVEL INDEX (World = 100),S08,91.62184244,Eurostat-OECD
Croatia,HRV,02. Actual individual consumption,C02,REAL EXPENDITURES PER CAPITA (US$),S06,13739.76232,Eurostat-OECD
Croatia,HRV,02. Actual individual consumption,C02,PRICE LEVEL INDEX (World = 100),S08,92.52789298,Eurostat-OECD
Curaçao,CUW,01. Gross domestic product,C01,REAL EXPENDITURES PER CAPITA (US$),S06,27780.8013,CARIBBEAN
Curaçao,CUW,01. Gross domestic product,C01,PRICE LEVEL INDEX (World = 100),S08,93.08932498,CARIBBEAN
Curaçao,CUW,02. Actual individual consumption,C02,REAL EXPENDITURES PER CAPITA (US$),S06,20689.76926,CARIBBEAN
Curaçao,CUW,02. Actual individual consumption,C02,PRICE LEVEL INDEX (World = 100),S08,92.65029918,CARIBBEAN
Cyprus,CYP,01. Gross domestic product,C01,REAL EXPENDITURES PER CAPITA (US$),S06,31228.68946,Eurostat-OECD
Cyprus,CYP,01. Gross domestic product,C01,PRICE LEVEL INDEX (World = 100),S08,120.6070611,Eurostat-OECD
Cyprus,CYP,02. Actual individual consumption,C02,REAL EXPENDITURES PER CAPITA (US$),S06,22956.69667,Eurostat-OECD
Cyprus,CYP,02. Actual individual consumption,C02,PRICE LEVEL INDEX (World = 100),S08,121.3537513,Eurostat-OECD
Czech Republic,CZE,01. Gross domestic product,C01,REAL EXPENDITURES PER CAPITA (US$),S06,27045.44372,Eurostat-OECD
Czech Republic,CZE,01. Gross domestic product,C01,PRICE LEVEL INDEX (World = 100),S08,98.18169123,Eurostat-OECD
Czech Republic,CZE,02. Actual individual consumption,C02,REAL EXPENDITURES PER CAPITA (US$),S06,16630.81458,Eurostat-OECD
Czech Republic,CZE,02. Actual individual consumption,C02,PRICE LEVEL INDEX (World = 100),S08,94.75616748,Eurostat-OECD
Denmark,DNK,01. Gross domestic product,C01,REAL EXPENDITURES PER CAPITA (US$),S06,41842.74561,Eurostat-OECD
Denmark,DNK,01. Gross domestic product,C01,PRICE LEVEL INDEX (World = 100),S08,185.0037077,Eurostat-OECD
Denmark,DNK,02. Actual individual consumption,C02,REAL EXPENDITURES PER CAPITA (US$),S06,26288.48474,Eurostat-OECD
Denmark,DNK,02. Actual individual consumption,C02,PRICE LEVEL INDEX (World = 100),S08,196.4463338,Eurostat-OECD
Djibouti,DJI,01. Gross domestic product,C01,REAL EXPENDITURES PER CAPITA (US$),S06,2411.893819,AFRICA
Djibouti,DJI,01. Gross domestic product,C01,PRICE LEVEL INDEX (World = 100),S08,68.20757757,AFRICA
Djibouti,DJI,02. Actual individual consumption,C02,REAL EXPENDITURES PER CAPITA (US$),S06,1719.401883,AFRICA
Djibouti,DJI,02. Actual individual consumption,C02,PRICE LEVEL INDEX (World = 100),S08,66.08724319,AFRICA
Dominica,DMA,01. Gross domestic product,C01,REAL EXPENDITURES PER CAPITA (US$),S06,9982.936221,CARIBBEAN
Dominica,DMA,01. Gross domestic product,C01,PRICE LEVEL INDEX (World = 100),S08,88.88435787,CARIBBEAN
Dominica,DMA,02. Actual individual consumption,C02,REAL EXPENDITURES PER CAPITA (US$),S06,8663.954578,CARIBBEAN
Dominica,DMA,02. Actual individual consumption,C02,PRICE LEVEL INDEX (World = 100),S08,88.82245102,CARIBBEAN
Dominican Republic,DOM,01. Gross domestic product,C01,REAL EXPENDITURES PER CAPITA (US$),S06,10857.88046,LATIN AMERICA
Dominican Republic,DOM,01. Gross domestic product,C01,PRICE LEVEL INDEX (World = 100),S08,65.8100588,LATIN AMERICA
Dominican Republic,DOM,02. Actual individual consumption,C02,REAL EXPENDITURES PER CAPITA (US$),S06,9721.592322,LATIN AMERICA
Dominican Republic,DOM,02. Actual individual consumption,C02,PRICE LEVEL INDEX (World = 100),S08,63.15803269,LATIN AMERICA
Ecuador,ECU,01. Gross domestic product,C01,REAL EXPENDITURES PER CAPITA (US$),S06,9931.535956,LATIN AMERICA
Ecuador,ECU,01. Gross domestic product,C01,PRICE LEVEL INDEX (World = 100),S08,67.85233967,LATIN AMERICA
Ecuador,ECU,02. Actual individual consumption,C02,REAL EXPENDITURES PER CAPITA (US$),S06,6759.05214,LATIN AMERICA
Ecuador,ECU,02. Actual individual consumption,C02,PRICE LEVEL INDEX (World = 100),S08,64.63849264,LATIN AMERICA
"Egypt, Arab Rep. ",EGZ,01. Gross domestic product,C01,REAL EXPENDITURES PER CAPITA (US$),S06,10598.53426,WESTERN ASIA
"Egypt, Arab Rep. ",EGZ,01. Gross domestic product,C01,PRICE LEVEL INDEX (World = 100),S08,35.13231393,WESTERN ASIA
"Egypt, Arab Rep. ",EGZ,02. Actual individual consumption,C02,REAL EXPENDITURES PER CAPITA (US$),S06,8529.305323,WESTERN ASIA
"Egypt, Arab Rep. ",EGZ,02. Actual individual consumption,C02,PRICE LEVEL INDEX (World = 100),S08,33.56244617,WESTERN ASIA
El Salvador,SLV,01. Gross domestic product,C01,REAL EXPENDITURES PER CAPITA (US$),S06,7357.217614,LATIN AMERICA
El Salvador,SLV,01. Gross domestic product,C01,PRICE LEVEL INDEX (World = 100),S08,64.86804462,LATIN AMERICA
El Salvador,SLV,02. Actual individual consumption,C02,REAL EXPENDITURES PER CAPITA (US$),S06,7285.406808,LATIN AMERICA
El Salvador,SLV,02. Actual individual consumption,C02,PRICE LEVEL INDEX (World = 100),S08,62.3518676,LATIN AMERICA
Equatorial Guinea,GNQ,01. Gross domestic product,C01,REAL EXPENDITURES PER CAPITA (US$),S06,39439.74763,AFRICA
Equatorial Guinea,GNQ,01. Gross domestic product,C01,PRICE LEVEL INDEX (World = 100),S08,80.50110569,AFRICA
Equatorial Guinea,GNQ,02. Actual individual consumption,C02,REAL EXPENDITURES PER CAPITA (US$),S06,4916.376749,AFRICA
Equatorial Guinea,GNQ,02. Actual individual consumption,C02,PRICE LEVEL INDEX (World = 100),S08,80.33248873,AFRICA
Estonia,EST,01. Gross domestic product,C01,REAL EXPENDITURES PER CAPITA (US$),S06,23088.45676,Eurostat-OECD
Estonia,EST,01. Gross domestic product,C01,PRICE LEVEL INDEX (World = 100),S08,93.94550679,Eurostat-OECD
Estonia,EST,02. Actual individual consumption,C02,REAL EXPENDITURES PER CAPITA (US$),S06,13795.1219,Eurostat-OECD
Estonia,EST,02. Actual individual consumption,C02,PRICE LEVEL INDEX (World = 100),S08,93.11767302,Eurostat-OECD
Ethiopia,ETH,01. Gross domestic product,C01,REAL EXPENDITURES PER CAPITA (US$),S06,1214.134954,AFRICA
Ethiopia,ETH,01. Gross domestic product,C01,PRICE LEVEL INDEX (World = 100),S08,37.53781083,AFRICA
Ethiopia,ETH,02. Actual individual consumption,C02,REAL EXPENDITURES PER CAPITA (US$),S06,978.8580931,AFRICA
Ethiopia,ETH,02. Actual individual consumption,C02,PRICE LEVEL INDEX (World = 100),S08,36.39354882,AFRICA
Fiji,FJI,01. Gross domestic product,C01,REAL EXPENDITURES PER CAPITA (US$),S06,7557.778666,ASIA AND THE PACIFIC
Fiji,FJI,01. Gross domestic product,C01,PRICE LEVEL INDEX (World = 100),S08,74.95792982,ASIA AND THE PACIFIC
Fiji,FJI,02. Actual individual consumption,C02,REAL EXPENDITURES PER CAPITA (US$),S06,5397.366335,ASIA AND THE PACIFIC
Fiji,FJI,02. Actual individual consumption,C02,PRICE LEVEL INDEX (World = 100),S08,77.80937027,ASIA AND THE PACIFIC
Finland,FIN,01. Gross domestic product,C01,REAL EXPENDITURES PER CAPITA (US$),S06,38610.87839,Eurostat-OECD
Finland,FIN,01. Gross domestic product,C01,PRICE LEVEL INDEX (World = 100),S08,162.6000768,Eurostat-OECD
Finland,FIN,02. Actual individual consumption,C02,REAL EXPENDITURES PER CAPITA (US$),S06,26581.59239,Eurostat-OECD
Finland,FIN,02. Actual individual consumption,C02,PRICE LEVEL INDEX (World = 100),S08,164.8019527,Eurostat-OECD
France,FRA,01. Gross domestic product,C01,REAL EXPENDITURES PER CAPITA (US$),S06,36391.00023,Eurostat-OECD
France,FRA,01. Gross domestic product,C01,PRICE LEVEL INDEX (World = 100),S08,151.4071934,Eurostat-OECD
France,FRA,02. Actual individual consumption,C02,REAL EXPENDITURES PER CAPITA (US$),S06,26486.23568,Eurostat-OECD
France,FRA,02. Actual individual consumption,C02,PRICE LEVEL INDEX (World = 100),S08,148.2724933,Eurostat-OECD
Gabon,GAB,01. Gross domestic product,C01,REAL EXPENDITURES PER CAPITA (US$),S06,16483.33544,AFRICA
Gabon,GAB,01. Gross domestic product,C01,PRICE LEVEL INDEX (World = 100),S08,86.94614211,AFRICA
Gabon,GAB,02. Actual individual consumption,C02,REAL EXPENDITURES PER CAPITA (US$),S06,5976.413979,AFRICA
Gabon,GAB,02. Actual individual consumption,C02,PRICE LEVEL INDEX (World = 100),S08,88.34522025,AFRICA
"Gambia, The",GMB,01. Gross domestic product,C01,REAL EXPENDITURES PER CAPITA (US$),S06,1506.680683,AFRICA
"Gambia, The",GMB,01. Gross domestic product,C01,PRICE LEVEL INDEX (World = 100),S08,43.50164426,AFRICA
"Gambia, The",GMB,02. Actual individual consumption,C02,REAL EXPENDITURES PER CAPITA (US$),S06,1220.591785,AFRICA
"Gambia, The",GMB,02. Actual individual consumption,C02,PRICE LEVEL INDEX (World = 100),S08,41.31824428,AFRICA
Germany,DEU,01. Gross domestic product,C01,REAL EXPENDITURES PER CAPITA (US$),S06,40989.72915,Eurostat-OECD
Germany,DEU,01. Gross domestic product,C01,PRICE LEVEL INDEX (World = 100),S08,139.5703307,Eurostat-OECD
Germany,DEU,02. Actual individual consumption,C02,REAL EXPENDITURES PER CAPITA (US$),S06,28477.96879,Eurostat-OECD
Germany,DEU,02. Actual individual consumption,C02,PRICE LEVEL INDEX (World = 100),S08,135.2682005,Eurostat-OECD
Ghana,GHA,01. Gross domestic product,C01,REAL EXPENDITURES PER CAPITA (US$),S06,3425.728557,AFRICA
Ghana,GHA,01. Gross domestic product,C01,PRICE LEVEL INDEX (World = 100),S08,59.65426224,AFRICA
Ghana,GHA,02. Actual individual consumption,C02,REAL EXPENDITURES PER CAPITA (US$),S06,2241.896523,AFRICA
Ghana,GHA,02. Actual individual consumption,C02,PRICE LEVEL INDEX (World = 100),S08,58.95636606,AFRICA
Greece,GRC,01. Gross domestic product,C01,REAL EXPENDITURES PER CAPITA (US$),S06,26622.45306,Eurostat-OECD
Greece,GRC,01. Gross domestic product,C01,PRICE LEVEL INDEX (World = 100),S08,124.2600874,Eurostat-OECD
Greece,GRC,02. Actual individual consumption,C02,REAL EXPENDITURES PER CAPITA (US$),S06,21253.94871,Eurostat-OECD
Greece,GRC,02. Actual individual consumption,C02,PRICE LEVEL INDEX (World = 100),S08,122.8561133,Eurostat-OECD
Grenada,GRD,01. Gross domestic product,C01,REAL EXPENDITURES PER CAPITA (US$),S06,11220.93521,LATIN AMERICA AND CARIBBEAN
Grenada,GRD,01. Gross domestic product,C01,PRICE LEVEL INDEX (World = 100),S08,85.16214215,LATIN AMERICA AND CARIBBEAN
Grenada,GRD,02. Actual individual consumption,C02,REAL EXPENDITURES PER CAPITA (US$),S06,10210.8307,LATIN AMERICA AND CARIBBEAN
Grenada,GRD,02. Actual individual consumption,C02,PRICE LEVEL INDEX (World = 100),S08,87.94601459,LATIN AMERICA AND CARIBBEAN
Guatemala,GTM,01. Gross domestic product,C01,REAL EXPENDITURES PER CAPITA (US$),S06,6971.257798,LATIN AMERICA AND CARIBBEAN
Guatemala,GTM,01. Gross domestic product,C01,PRICE LEVEL INDEX (World = 100),S08,60.05983216,LATIN AMERICA AND CARIBBEAN
Guatemala,GTM,02. Actual individual consumption,C02,REAL EXPENDITURES PER CAPITA (US$),S06,6222.081203,LATIN AMERICA AND CARIBBEAN
Guatemala,GTM,02. Actual individual consumption,C02,PRICE LEVEL INDEX (World = 100),S08,58.53960068,LATIN AMERICA AND CARIBBEAN
Guinea,GIN,01. Gross domestic product,C01,REAL EXPENDITURES PER CAPITA (US$),S06,1286.913333,AFRICA
Guinea,GIN,01. Gross domestic product,C01,PRICE LEVEL INDEX (World = 100),S08,49.04994875,AFRICA
Guinea,GIN,02. Actual individual consumption,C02,REAL EXPENDITURES PER CAPITA (US$),S06,788.5506691,AFRICA
Guinea,GIN,02. Actual individual consumption,C02,PRICE LEVEL INDEX (World = 100),S08,43.61643513,AFRICA
Guinea-Bissau,GNB,01. Gross domestic product,C01,REAL EXPENDITURES PER CAPITA (US$),S06,1364.681863,AFRICA
Guinea-Bissau,GNB,01. Gross domestic product,C01,PRICE LEVEL INDEX (World = 100),S08,60.14511835,AFRICA
Guinea-Bissau,GNB,02. Actual individual consumption,C02,REAL EXPENDITURES PER CAPITA (US$),S06,927.5940462,AFRICA
Guinea-Bissau,GNB,02. Actual individual consumption,C02,PRICE LEVEL INDEX (World = 100),S08,58.55854234,AFRICA
Haiti,HTI,01. Gross domestic product,C01,REAL EXPENDITURES PER CAPITA (US$),S06,1556.511082,LATIN AMERICA AND CARIBBEAN
Haiti,HTI,01. Gross domestic product,C01,PRICE LEVEL INDEX (World = 100),S08,60.80650762,LATIN AMERICA AND CARIBBEAN
Haiti,HTI,02. Actual individual consumption,C02,REAL EXPENDITURES PER CAPITA (US$),S06,1688.078137,LATIN AMERICA AND CARIBBEAN
Haiti,HTI,02. Actual individual consumption,C02,PRICE LEVEL INDEX (World = 100),S08,61.44658213,LATIN AMERICA AND CARIBBEAN
Honduras,HND,01. Gross domestic product,C01,REAL EXPENDITURES PER CAPITA (US$),S06,4349.443084,LATIN AMERICA AND CARIBBEAN
Honduras,HND,01. Gross domestic product,C01,PRICE LEVEL INDEX (World = 100),S08,67.66393536,LATIN AMERICA AND CARIBBEAN
Honduras,HND,02. Actual individual consumption,C02,REAL EXPENDITURES PER CAPITA (US$),S06,3748.481697,LATIN AMERICA AND CARIBBEAN
Honduras,HND,02. Actual individual consumption,C02,PRICE LEVEL INDEX (World = 100),S08,65.22419409,LATIN AMERICA AND CARIBBEAN
"Hong Kong SAR, China",HKG,01. Gross domestic product,C01,REAL EXPENDITURES PER CAPITA (US$),S06,50128.75855,ASIA AND THE PACIFIC
"Hong Kong SAR, China",HKG,01. Gross domestic product,C01,PRICE LEVEL INDEX (World = 100),S08,90.47859725,ASIA AND THE PACIFIC
"Hong Kong SAR, China",HKG,02. Actual individual consumption,C02,REAL EXPENDITURES PER CAPITA (US$),S06,32690.16935,ASIA AND THE PACIFIC
"Hong Kong SAR, China",HKG,02. Actual individual consumption,C02,PRICE LEVEL INDEX (World = 100),S08,89.35129013,ASIA AND THE PACIFIC
Hungary,HUN,01. Gross domestic product,C01,REAL EXPENDITURES PER CAPITA (US$),S06,22413.1345,Eurostat-OECD
Hungary,HUN,01. Gross domestic product,C01,PRICE LEVEL INDEX (World = 100),S08,79.3415755,Eurostat-OECD
Hungary,HUN,02. Actual individual consumption,C02,REAL EXPENDITURES PER CAPITA (US$),S06,14663.88225,Eurostat-OECD
Hungary,HUN,02. Actual individual consumption,C02,PRICE LEVEL INDEX (World = 100),S08,75.15322034,Eurostat-OECD
Iceland,ISL,01. Gross domestic product,C01,REAL EXPENDITURES PER CAPITA (US$),S06,38225.84525,Eurostat-OECD
Iceland,ISL,01. Gross domestic product,C01,PRICE LEVEL INDEX (World = 100),S08,148.3255171,Eurostat-OECD
Iceland,ISL,02. Actual individual consumption,C02,REAL EXPENDITURES PER CAPITA (US$),S06,25838.69264,Eurostat-OECD
Iceland,ISL,02. Actual individual consumption,C02,PRICE LEVEL INDEX (World = 100),S08,145.503662,Eurostat-OECD
India,IND,01. Gross domestic product,C01,REAL EXPENDITURES PER CAPITA (US$),S06,4734.98162,ASIA AND THE PACIFIC
India,IND,01. Gross domestic product,C01,PRICE LEVEL INDEX (World = 100),S08,41.74797561,ASIA AND THE PACIFIC
India,IND,02. Actual individual consumption,C02,REAL EXPENDITURES PER CAPITA (US$),S06,3022.67231,ASIA AND THE PACIFIC
India,IND,02. Actual individual consumption,C02,PRICE LEVEL INDEX (World = 100),S08,37.4091415,ASIA AND THE PACIFIC
Indonesia,IDN,01. Gross domestic product,C01,REAL EXPENDITURES PER CAPITA (US$),S06,8538.611417,ASIA AND THE PACIFIC
Indonesia,IDN,01. Gross domestic product,C01,PRICE LEVEL INDEX (World = 100),S08,53.02762709,ASIA AND THE PACIFIC
Indonesia,IDN,02. Actual individual consumption,C02,REAL EXPENDITURES PER CAPITA (US$),S06,4805.367822,ASIA AND THE PACIFIC
Indonesia,IDN,02. Actual individual consumption,C02,PRICE LEVEL INDEX (World = 100),S08,53.02742843,ASIA AND THE PACIFIC
Iraq,IRQ,01. Gross domestic product,C01,REAL EXPENDITURES PER CAPITA (US$),S06,11129.55561,WESTERN ASIA
Iraq,IRQ,01. Gross domestic product,C01,PRICE LEVEL INDEX (World = 100),S08,55.54256406,WESTERN ASIA
Iraq,IRQ,02. Actual individual consumption,C02,REAL EXPENDITURES PER CAPITA (US$),S06,5380.68394,WESTERN ASIA
Iraq,IRQ,02. Actual individual consumption,C02,PRICE LEVEL INDEX (World = 100),S08,52.23949952,WESTERN ASIA
Ireland,IRL,01. Gross domestic product,C01,REAL EXPENDITURES PER CAPITA (US$),S06,42942.09088,Eurostat-OECD
Ireland,IRL,01. Gross domestic product,C01,PRICE LEVEL INDEX (World = 100),S08,148.2937161,Eurostat-OECD
Ireland,IRL,02. Actual individual consumption,C02,REAL EXPENDITURES PER CAPITA (US$),S06,23042.55703,Eurostat-OECD
Ireland,IRL,02. Actual individual consumption,C02,PRICE LEVEL INDEX (World = 100),S08,162.9961291,Eurostat-OECD
Israel,ISR,01. Gross domestic product,C01,REAL EXPENDITURES PER CAPITA (US$),S06,30167.95956,Eurostat-OECD
Israel,ISR,01. Gross domestic product,C01,PRICE LEVEL INDEX (World = 100),S08,142.16549,Eurostat-OECD
Israel,ISR,02. Actual individual consumption,C02,REAL EXPENDITURES PER CAPITA (US$),S06,20482.77847,Eurostat-OECD
Israel,ISR,02. Actual individual consumption,C02,PRICE LEVEL INDEX (World = 100),S08,140.6867545,Eurostat-OECD
Italy,ITA,01. Gross domestic product,C01,REAL EXPENDITURES PER CAPITA (US$),S06,33869.68029,Eurostat-OECD
Italy,ITA,01. Gross domestic product,C01,PRICE LEVEL INDEX (World = 100),S08,137.7486338,Eurostat-OECD
Italy,ITA,02. Actual individual consumption,C02,REAL EXPENDITURES PER CAPITA (US$),S06,23875.29612,Eurostat-OECD
Italy,ITA,02. Actual individual consumption,C02,PRICE LEVEL INDEX (World = 100),S08,138.1840087,Eurostat-OECD
Jamaica,JAM,01. Gross domestic product,C01,REAL EXPENDITURES PER CAPITA (US$),S06,8329.227875,LATIN AMERICA AND CARIBBEAN
Jamaica,JAM,01. Gross domestic product,C01,PRICE LEVEL INDEX (World = 100),S08,81.25417657,LATIN AMERICA AND CARIBBEAN
Jamaica,JAM,02. Actual individual consumption,C02,REAL EXPENDITURES PER CAPITA (US$),S06,7240.891848,LATIN AMERICA AND CARIBBEAN
Jamaica,JAM,02. Actual individual consumption,C02,PRICE LEVEL INDEX (World = 100),S08,84.06498655,LATIN AMERICA AND CARIBBEAN
Japan,JPN,01. Gross domestic product,C01,REAL EXPENDITURES PER CAPITA (US$),S06,34262.05795,Eurostat-OECD
Japan,JPN,01. Gross domestic product,C01,PRICE LEVEL INDEX (World = 100),S08,173.6249322,Eurostat-OECD
Japan,JPN,02. Actual individual consumption,C02,REAL EXPENDITURES PER CAPITA (US$),S06,24447.38722,Eurostat-OECD
Japan,JPN,02. Actual individual consumption,C02,PRICE LEVEL INDEX (World = 100),S08,170.4055488,Eurostat-OECD
Jordan,JOR,01. Gross domestic product,C01,REAL EXPENDITURES PER CAPITA (US$),S06,11169.32858,WESTERN ASIA
Jordan,JOR,01. Gross domestic product,C01,PRICE LEVEL INDEX (World = 100),S08,53.28331753,WESTERN ASIA
Jordan,JOR,02. Actual individual consumption,C02,REAL EXPENDITURES PER CAPITA (US$),S06,8867.852405,WESTERN ASIA
Jordan,JOR,02. Actual individual consumption,C02,PRICE LEVEL INDEX (World = 100),S08,51.74048286,WESTERN ASIA
Kazakhstan,KAZ,01. Gross domestic product,C01,REAL EXPENDITURES PER CAPITA (US$),S06,20772.06612,COMMONWEALTH OF INDEPENDENT STATES
Kazakhstan,KAZ,01. Gross domestic product,C01,PRICE LEVEL INDEX (World = 100),S08,70.51017689,COMMONWEALTH OF INDEPENDENT STATES
Kazakhstan,KAZ,02. Actual individual consumption,C02,REAL EXPENDITURES PER CAPITA (US$),S06,11411.49686,COMMONWEALTH OF INDEPENDENT STATES
Kazakhstan,KAZ,02. Actual individual consumption,C02,PRICE LEVEL INDEX (World = 100),S08,59.98161884,COMMONWEALTH OF INDEPENDENT STATES
Kenya,KEN,01. Gross domestic product,C01,REAL EXPENDITURES PER CAPITA (US$),S06,2136.355255,AFRICA
Kenya,KEN,01. Gross domestic product,C01,PRICE LEVEL INDEX (World = 100),S08,49.8005018,AFRICA
Kenya,KEN,02. Actual individual consumption,C02,REAL EXPENDITURES PER CAPITA (US$),S06,1937.095705,AFRICA
Kenya,KEN,02. Actual individual consumption,C02,PRICE LEVEL INDEX (World = 100),S08,46.48749097,AFRICA
"Korea, Rep.",KOR,01. Gross domestic product,C01,REAL EXPENDITURES PER CAPITA (US$),S06,29034.75087,Eurostat-OECD
"Korea, Rep.",KOR,01. Gross domestic product,C01,PRICE LEVEL INDEX (World = 100),S08,99.43323502,Eurostat-OECD
"Korea, Rep.",KOR,02. Actual individual consumption,C02,REAL EXPENDITURES PER CAPITA (US$),S06,17481.28707,Eurostat-OECD
"Korea, Rep.",KOR,02. Actual individual consumption,C02,PRICE LEVEL INDEX (World = 100),S08,95.57217131,Eurostat-OECD
Kuwait,KWT,01. Gross domestic product,C01,REAL EXPENDITURES PER CAPITA (US$),S06,84058.16485,WESTERN ASIA
Kuwait,KWT,01. Gross domestic product,C01,PRICE LEVEL INDEX (World = 100),S08,80.35322931,WESTERN ASIA
Kuwait,KWT,02. Actual individual consumption,C02,REAL EXPENDITURES PER CAPITA (US$),S06,21888.40193,WESTERN ASIA
Kuwait,KWT,02. Actual individual consumption,C02,PRICE LEVEL INDEX (World = 100),S08,82.80651616,WESTERN ASIA
Kyrgyzstan,KGZ,01. Gross domestic product,C01,REAL EXPENDITURES PER CAPITA (US$),S06,3062.202156,COMMONWEALTH OF INDEPENDENT STATES
Kyrgyzstan,KGZ,01. Gross domestic product,C01,PRICE LEVEL INDEX (World = 100),S08,49.62242223,COMMONWEALTH OF INDEPENDENT STATES
Kyrgyzstan,KGZ,02. Actual individual consumption,C02,REAL EXPENDITURES PER CAPITA (US$),S06,3505.895941,COMMONWEALTH OF INDEPENDENT STATES
Kyrgyzstan,KGZ,02. Actual individual consumption,C02,PRICE LEVEL INDEX (World = 100),S08,39.22888973,COMMONWEALTH OF INDEPENDENT STATES
Lao PDR,LAO,01. Gross domestic product,C01,REAL EXPENDITURES PER CAPITA (US$),S06,4107.932981,ASIA AND THE PACIFIC
Lao PDR,LAO,01. Gross domestic product,C01,PRICE LEVEL INDEX (World = 100),S08,39.62894004,ASIA AND THE PACIFIC
Lao PDR,LAO,02. Actual individual consumption,C02,REAL EXPENDITURES PER CAPITA (US$),S06,2340.779745,ASIA AND THE PACIFIC
Lao PDR,LAO,02. Actual individual consumption,C02,PRICE LEVEL INDEX (World = 100),S08,39.42468886,ASIA AND THE PACIFIC
LATIN AMERICA,LAT,01. Gross domestic product,C01,REAL EXPENDITURES PER CAPITA (US$),S06,12442.57351,#N/A
LATIN AMERICA,LAT,01. Gross domestic product,C01,PRICE LEVEL INDEX (World = 100),S08,97.06575797,#N/A
LATIN AMERICA,LAT,02. Actual individual consumption,C02,REAL EXPENDITURES PER CAPITA (US$),S06,8560.65493,#N/A
LATIN AMERICA,LAT,02. Actual individual consumption,C02,PRICE LEVEL INDEX (World = 100),S08,93.49358979,#N/A
Latvia,LVA,01. Gross domestic product,C01,REAL EXPENDITURES PER CAPITA (US$),S06,19993.58896,Eurostat-OECD
Latvia,LVA,01. Gross domestic product,C01,PRICE LEVEL INDEX (World = 100),S08,88.08761411,Eurostat-OECD
Latvia,LVA,02. Actual individual consumption,C02,REAL EXPENDITURES PER CAPITA (US$),S06,13734.27021,Eurostat-OECD
Latvia,LVA,02. Actual individual consumption,C02,PRICE LEVEL INDEX (World = 100),S08,86.87012073,Eurostat-OECD
Lesotho,LSO,01. Gross domestic product,C01,REAL EXPENDITURES PER CAPITA (US$),S06,2129.945617,AFRICA
Lesotho,LSO,01. Gross domestic product,C01,PRICE LEVEL INDEX (World = 100),S08,69.66858312,AFRICA
Lesotho,LSO,02. Actual individual consumption,C02,REAL EXPENDITURES PER CAPITA (US$),S06,2524.325984,AFRICA
Lesotho,LSO,02. Actual individual consumption,C02,PRICE LEVEL INDEX (World = 100),S08,62.69043523,AFRICA
Liberia,LBR,01. Gross domestic product,C01,REAL EXPENDITURES PER CAPITA (US$),S06,537.4617632,AFRICA
Liberia,LBR,01. Gross domestic product,C01,PRICE LEVEL INDEX (World = 100),S08,66.67594247,AFRICA
Liberia,LBR,02. Actual individual consumption,C02,REAL EXPENDITURES PER CAPITA (US$),S06,605.6678081,AFRICA
Liberia,LBR,02. Actual individual consumption,C02,PRICE LEVEL INDEX (World = 100),S08,64.71617708,AFRICA
Lithuania,LTU,01. Gross domestic product,C01,REAL EXPENDITURES PER CAPITA (US$),S06,22521.29624,Eurostat-OECD
Lithuania,LTU,01. Gross domestic product,C01,PRICE LEVEL INDEX (World = 100),S08,81.37697643,Eurostat-OECD
Lithuania,LTU,02. Actual individual consumption,C02,REAL EXPENDITURES PER CAPITA (US$),S06,16536.90773,Eurostat-OECD
Lithuania,LTU,02. Actual individual consumption,C02,PRICE LEVEL INDEX (World = 100),S08,78.90235434,Eurostat-OECD
Luxembourg,LUX,01. Gross domestic product,C01,REAL EXPENDITURES PER CAPITA (US$),S06,88670.14584,Eurostat-OECD
Luxembourg,LUX,01. Gross domestic product,C01,PRICE LEVEL INDEX (World = 100),S08,162.428557,Eurostat-OECD
Luxembourg,LUX,02. Actual individual consumption,C02,REAL EXPENDITURES PER CAPITA (US$),S06,31999.59383,Eurostat-OECD
Luxembourg,LUX,02. Actual individual consumption,C02,PRICE LEVEL INDEX (World = 100),S08,182.9255484,Eurostat-OECD
"Macao SAR, China",MAC,01. Gross domestic product,C01,REAL EXPENDITURES PER CAPITA (US$),S06,115440.9855,ASIA AND THE PACIFIC
"Macao SAR, China",MAC,01. Gross domestic product,C01,PRICE LEVEL INDEX (World = 100),S08,73.79501574,ASIA AND THE PACIFIC
"Macao SAR, China",MAC,02. Actual individual consumption,C02,REAL EXPENDITURES PER CAPITA (US$),S06,23648.51213,ASIA AND THE PACIFIC
"Macao SAR, China",MAC,02. Actual individual consumption,C02,PRICE LEVEL INDEX (World = 100),S08,81.40370243,ASIA AND THE PACIFIC
"Macedonia, FYR",MKD,01. Gross domestic product,C01,REAL EXPENDITURES PER CAPITA (US$),S06,11957.29438,Eurostat-OECD
"Macedonia, FYR",MKD,01. Gross domestic product,C01,PRICE LEVEL INDEX (World = 100),S08,54.46613242,Eurostat-OECD
"Macedonia, FYR",MKD,02. Actual individual consumption,C02,REAL EXPENDITURES PER CAPITA (US$),S06,9482.371297,Eurostat-OECD
"Macedonia, FYR",MKD,02. Actual individual consumption,C02,PRICE LEVEL INDEX (World = 100),S08,54.96101676,Eurostat-OECD
Madagascar,MDG,01. Gross domestic product,C01,REAL EXPENDITURES PER CAPITA (US$),S06,1411.941459,AFRICA
Madagascar,MDG,01. Gross domestic product,C01,PRICE LEVEL INDEX (World = 100),S08,42.90074715,AFRICA
Madagascar,MDG,02. Actual individual consumption,C02,REAL EXPENDITURES PER CAPITA (US$),S06,1331.539021,AFRICA
Madagascar,MDG,02. Actual individual consumption,C02,PRICE LEVEL INDEX (World = 100),S08,39.92369884,AFRICA
Malawi,MWI,01. Gross domestic product,C01,REAL EXPENDITURES PER CAPITA (US$),S06,972.6401192,AFRICA
Malawi,MWI,01. Gross domestic product,C01,PRICE LEVEL INDEX (World = 100),S08,63.1276916,AFRICA
Malawi,MWI,02. Actual individual consumption,C02,REAL EXPENDITURES PER CAPITA (US$),S06,1005.959797,AFRICA
Malawi,MWI,02. Actual individual consumption,C02,PRICE LEVEL INDEX (World = 100),S08,58.22210835,AFRICA
Malaysia,MYS,01. Gross domestic product,C01,REAL EXPENDITURES PER CAPITA (US$),S06,20925.90304,ASIA AND THE PACIFIC
Malaysia,MYS,01. Gross domestic product,C01,PRICE LEVEL INDEX (World = 100),S08,61.49554781,ASIA AND THE PACIFIC
Malaysia,MYS,02. Actual individual consumption,C02,REAL EXPENDITURES PER CAPITA (US$),S06,11082.02083,ASIA AND THE PACIFIC
Malaysia,MYS,02. Actual individual consumption,C02,PRICE LEVEL INDEX (World = 100),S08,60.22244996,ASIA AND THE PACIFIC
Maldives,MDV,01. Gross domestic product,C01,REAL EXPENDITURES PER CAPITA (US$),S06,11392.35391,ASIA AND THE PACIFIC
Maldives,MDV,01. Gross domestic product,C01,PRICE LEVEL INDEX (World = 100),S08,75.30135588,ASIA AND THE PACIFIC
Maldives,MDV,02. Actual individual consumption,C02,REAL EXPENDITURES PER CAPITA (US$),S06,3882.827658,ASIA AND THE PACIFIC
Maldives,MDV,02. Actual individual consumption,C02,PRICE LEVEL INDEX (World = 100),S08,80.92226257,ASIA AND THE PACIFIC
Mali,MLI,01. Gross domestic product,C01,REAL EXPENDITURES PER CAPITA (US$),S06,1509.13814,AFRICA
Mali,MLI,01. Gross domestic product,C01,PRICE LEVEL INDEX (World = 100),S08,57.4420064,AFRICA
Mali,MLI,02. Actual individual consumption,C02,REAL EXPENDITURES PER CAPITA (US$),S06,1046.747272,AFRICA
Mali,MLI,02. Actual individual consumption,C02,PRICE LEVEL INDEX (World = 100),S08,53.41683676,AFRICA
Malta,MLT,01. Gross domestic product,C01,REAL EXPENDITURES PER CAPITA (US$),S06,28608.49568,Eurostat-OECD
Malta,MLT,01. Gross domestic product,C01,PRICE LEVEL INDEX (World = 100),S08,100.070395,Eurostat-OECD
Malta,MLT,02. Actual individual consumption,C02,REAL EXPENDITURES PER CAPITA (US$),S06,19700.90093,Eurostat-OECD
Malta,MLT,02. Actual individual consumption,C02,PRICE LEVEL INDEX (World = 100),S08,100.6106812,Eurostat-OECD
Mauritania,MRT,01. Gross domestic product,C01,REAL EXPENDITURES PER CAPITA (US$),S06,3191.199468,AFRICA
Mauritania,MRT,01. Gross domestic product,C01,PRICE LEVEL INDEX (World = 100),S08,52.33390279,AFRICA
Mauritania,MRT,02. Actual individual consumption,C02,REAL EXPENDITURES PER CAPITA (US$),S06,2089.00381,AFRICA
Mauritania,MRT,02. Actual individual consumption,C02,PRICE LEVEL INDEX (World = 100),S08,45.22707076,AFRICA
Mauritius,MUS,01. Gross domestic product,C01,REAL EXPENDITURES PER CAPITA (US$),S06,15505.7845,AFRICA
Mauritius,MUS,01. Gross domestic product,C01,PRICE LEVEL INDEX (World = 100),S08,71.60952493,AFRICA
Mauritius,MUS,02. Actual individual consumption,C02,REAL EXPENDITURES PER CAPITA (US$),S06,11812.22563,AFRICA
Mauritius,MUS,02. Actual individual consumption,C02,PRICE LEVEL INDEX (World = 100),S08,71.80090705,AFRICA
Mexico,MEX,01. Gross domestic product,C01,REAL EXPENDITURES PER CAPITA (US$),S06,16377.11845,Eurostat-OECD
Mexico,MEX,01. Gross domestic product,C01,PRICE LEVEL INDEX (World = 100),S08,79.64496358,Eurostat-OECD
Mexico,MEX,02. Actual individual consumption,C02,REAL EXPENDITURES PER CAPITA (US$),S06,11843.58293,Eurostat-OECD
Mexico,MEX,02. Actual individual consumption,C02,PRICE LEVEL INDEX (World = 100),S08,77.18212815,Eurostat-OECD
Moldova,MDA,01. Gross domestic product,C01,REAL EXPENDITURES PER CAPITA (US$),S06,4179.211874,COMMONWEALTH OF INDEPENDENT STATES
Moldova,MDA,01. Gross domestic product,C01,PRICE LEVEL INDEX (World = 100),S08,60.80118273,COMMONWEALTH OF INDEPENDENT STATES
Moldova,MDA,02. Actual individual consumption,C02,REAL EXPENDITURES PER CAPITA (US$),S06,5653.368327,COMMONWEALTH OF INDEPENDENT STATES
Moldova,MDA,02. Actual individual consumption,C02,PRICE LEVEL INDEX (World = 100),S08,48.83059322,COMMONWEALTH OF INDEPENDENT STATES
Mongolia,MNG,01. Gross domestic product,C01,REAL EXPENDITURES PER CAPITA (US$),S06,8718.716193,ASIA AND THE PACIFIC
Mongolia,MNG,01. Gross domestic product,C01,PRICE LEVEL INDEX (World = 100),S08,54.73164341,ASIA AND THE PACIFIC
Mongolia,MNG,02. Actual individual consumption,C02,REAL EXPENDITURES PER CAPITA (US$),S06,5501.448122,ASIA AND THE PACIFIC
Mongolia,MNG,02. Actual individual consumption,C02,PRICE LEVEL INDEX (World = 100),S08,50.88115336,ASIA AND THE PACIFIC
Montenegro,MNE,01. Gross domestic product,C01,REAL EXPENDITURES PER CAPITA (US$),S06,14127.88713,Eurostat-OECD
Montenegro,MNE,01. Gross domestic product,C01,PRICE LEVEL INDEX (World = 100),S08,66.12269476,Eurostat-OECD
Montenegro,MNE,02. Actual individual consumption,C02,REAL EXPENDITURES PER CAPITA (US$),S06,12314.75182,Eurostat-OECD
Montenegro,MNE,02. Actual individual consumption,C02,PRICE LEVEL INDEX (World = 100),S08,67.37642228,Eurostat-OECD
Montserrat,MSR,01. Gross domestic product,C01,REAL EXPENDITURES PER CAPITA (US$),S06,15762.41151,LATIN AMERICA AND CARIBBEAN
Montserrat,MSR,01. Gross domestic product,C01,PRICE LEVEL INDEX (World = 100),S08,92.79483322,LATIN AMERICA AND CARIBBEAN
Montserrat,MSR,02. Actual individual consumption,C02,REAL EXPENDITURES PER CAPITA (US$),S06,13609.42261,LATIN AMERICA AND CARIBBEAN
Montserrat,MSR,02. Actual individual consumption,C02,PRICE LEVEL INDEX (World = 100),S08,98.99074467,LATIN AMERICA AND CARIBBEAN
Morocco,MAR,01. Gross domestic product,C01,REAL EXPENDITURES PER CAPITA (US$),S06,6763.657754,AFRICA
Morocco,MAR,01. Gross domestic product,C01,PRICE LEVEL INDEX (World = 100),S08,58.60968991,AFRICA
Morocco,MAR,02. Actual individual consumption,C02,REAL EXPENDITURES PER CAPITA (US$),S06,4308.806249,AFRICA
Morocco,MAR,02. Actual individual consumption,C02,PRICE LEVEL INDEX (World = 100),S08,59.46238349,AFRICA
Mozambique,MOZ,01. Gross domestic product,C01,REAL EXPENDITURES PER CAPITA (US$),S06,950.8689798,AFRICA
Mozambique,MOZ,01. Gross domestic product,C01,PRICE LEVEL INDEX (World = 100),S08,71.11178471,AFRICA
Mozambique,MOZ,02. Actual individual consumption,C02,REAL EXPENDITURES PER CAPITA (US$),S06,889.57764,AFRICA
Mozambique,MOZ,02. Actual individual consumption,C02,PRICE LEVEL INDEX (World = 100),S08,63.10048941,AFRICA
Myanmar,MMR,01. Gross domestic product,C01,REAL EXPENDITURES PER CAPITA (US$),S06,3180.777768,ASIA AND THE PACIFIC
Myanmar,MMR,01. Gross domestic product,C01,PRICE LEVEL INDEX (World = 100),S08,37.04588884,ASIA AND THE PACIFIC
Myanmar,MMR,02. Actual individual consumption,C02,REAL EXPENDITURES PER CAPITA (US$),S06,2272.847433,ASIA AND THE PACIFIC
Myanmar,MMR,02. Actual individual consumption,C02,PRICE LEVEL INDEX (World = 100),S08,34.96523089,ASIA AND THE PACIFIC
Namibia,NAM,01. Gross domestic product,C01,REAL EXPENDITURES PER CAPITA (US$),S06,8360.202801,AFRICA
Namibia,NAM,01. Gross domestic product,C01,PRICE LEVEL INDEX (World = 100),S08,82.81560883,AFRICA
Namibia,NAM,02. Actual individual consumption,C02,REAL EXPENDITURES PER CAPITA (US$),S06,5827.042071,AFRICA
Namibia,NAM,02. Actual individual consumption,C02,PRICE LEVEL INDEX (World = 100),S08,82.17246343,AFRICA
Nepal,NPL,01. Gross domestic product,C01,REAL EXPENDITURES PER CAPITA (US$),S06,2221.495949,ASIA AND THE PACIFIC
Nepal,NPL,01. Gross domestic product,C01,PRICE LEVEL INDEX (World = 100),S08,42.90551597,ASIA AND THE PACIFIC
Nepal,NPL,02. Actual individual consumption,C02,REAL EXPENDITURES PER CAPITA (US$),S06,1847.512118,ASIA AND THE PACIFIC
Nepal,NPL,02. Actual individual consumption,C02,PRICE LEVEL INDEX (World = 100),S08,40.04859317,ASIA AND THE PACIFIC
Netherlands,NLD,01. Gross domestic product,C01,REAL EXPENDITURES PER CAPITA (US$),S06,43149.58575,EUO
Netherlands,NLD,01. Gross domestic product,C01,PRICE LEVEL INDEX (World = 100),S08,149.090155,EUO
Netherlands,NLD,02. Actual individual consumption,C02,REAL EXPENDITURES PER CAPITA (US$),S06,25982.61422,EUO
Netherlands,NLD,02. Actual individual consumption,C02,PRICE LEVEL INDEX (World = 100),S08,149.4051255,EUO
New Zealand,NZL,01. Gross domestic product,C01,REAL EXPENDITURES PER CAPITA (US$),S06,31171.76108,Eurostat-OECD
New Zealand,NZL,01. Gross domestic product,C01,PRICE LEVEL INDEX (World = 100),S08,151.370413,Eurostat-OECD
New Zealand,NZL,02. Actual individual consumption,C02,REAL EXPENDITURES PER CAPITA (US$),S06,22501.52724,Eurostat-OECD
New Zealand,NZL,02. Actual individual consumption,C02,PRICE LEVEL INDEX (World = 100),S08,145.4262598,Eurostat-OECD
Nicaragua,NIC,01. Gross domestic product,C01,REAL EXPENDITURES PER CAPITA (US$),S06,4110.809184,LATIN AMERICA AND CARIBBEAN
Nicaragua,NIC,01. Gross domestic product,C01,PRICE LEVEL INDEX (World = 100),S08,51.28723969,LATIN AMERICA AND CARIBBEAN
Nicaragua,NIC,02. Actual individual consumption,C02,REAL EXPENDITURES PER CAPITA (US$),S06,3586.570225,LATIN AMERICA AND CARIBBEAN
Nicaragua,NIC,02. Actual individual consumption,C02,PRICE LEVEL INDEX (World = 100),S08,47.6989478,LATIN AMERICA AND CARIBBEAN
Niger,NER,01. Gross domestic product,C01,REAL EXPENDITURES PER CAPITA (US$),S06,851.6251857,AFRICA
Niger,NER,01. Gross domestic product,C01,PRICE LEVEL INDEX (World = 100),S08,60.41908169,AFRICA
Niger,NER,02. Actual individual consumption,C02,REAL EXPENDITURES PER CAPITA (US$),S06,719.3767224,AFRICA
Niger,NER,02. Actual individual consumption,C02,PRICE LEVEL INDEX (World = 100),S08,55.48317254,AFRICA
Nigeria,NGA,01. Gross domestic product,C01,REAL EXPENDITURES PER CAPITA (US$),S06,3146.0049,AFRICA
Nigeria,NGA,01. Gross domestic product,C01,PRICE LEVEL INDEX (World = 100),S08,62.31971632,AFRICA
Nigeria,NGA,02. Actual individual consumption,C02,REAL EXPENDITURES PER CAPITA (US$),S06,2074.582882,AFRICA
Nigeria,NGA,02. Actual individual consumption,C02,PRICE LEVEL INDEX (World = 100),S08,58.81112976,AFRICA
Norway,NOR,01. Gross domestic product,C01,REAL EXPENDITURES PER CAPITA (US$),S06,61879.07258,Eurostat-OECD
Norway,NOR,01. Gross domestic product,C01,PRICE LEVEL INDEX (World = 100),S08,206.3829632,Eurostat-OECD
Norway,NOR,02. Actual individual consumption,C02,REAL EXPENDITURES PER CAPITA (US$),S06,31013.74481,Eurostat-OECD
Norway,NOR,02. Actual individual consumption,C02,PRICE LEVEL INDEX (World = 100),S08,219.9850192,Eurostat-OECD
Oman,OMN,01. Gross domestic product,C01,REAL EXPENDITURES PER CAPITA (US$),S06,42618.76426,WESTERN ASIA
Oman,OMN,01. Gross domestic product,C01,PRICE LEVEL INDEX (World = 100),S08,64.24770975,WESTERN ASIA
Oman,OMN,02. Actual individual consumption,C02,REAL EXPENDITURES PER CAPITA (US$),S06,15182.19211,WESTERN ASIA
Oman,OMN,02. Actual individual consumption,C02,PRICE LEVEL INDEX (World = 100),S08,62.78638415,WESTERN ASIA
Pakistan,PAK,01. Gross domestic product,C01,REAL EXPENDITURES PER CAPITA (US$),S06,4449.942077,ASIA AND THE PACIFIC
Pakistan,PAK,01. Gross domestic product,C01,PRICE LEVEL INDEX (World = 100),S08,36.36047208,ASIA AND THE PACIFIC
Pakistan,PAK,02. Actual individual consumption,C02,REAL EXPENDITURES PER CAPITA (US$),S06,3925.866742,ASIA AND THE PACIFIC
Pakistan,PAK,02. Actual individual consumption,C02,PRICE LEVEL INDEX (World = 100),S08,33.83699585,ASIA AND THE PACIFIC
Panama,PAN,01. Gross domestic product,C01,REAL EXPENDITURES PER CAPITA (US$),S06,15368.53701,LATIN AMERICA AND CARIBBEAN
Panama,PAN,01. Gross domestic product,C01,PRICE LEVEL INDEX (World = 100),S08,70.57202076,LATIN AMERICA AND CARIBBEAN
Panama,PAN,02. Actual individual consumption,C02,REAL EXPENDITURES PER CAPITA (US$),S06,10618.23086,LATIN AMERICA AND CARIBBEAN
Panama,PAN,02. Actual individual consumption,C02,PRICE LEVEL INDEX (World = 100),S08,65.1959275,LATIN AMERICA AND CARIBBEAN
Paraguay,PRY,01. Gross domestic product,C01,REAL EXPENDITURES PER CAPITA (US$),S06,7192.74034,LATIN AMERICA AND CARIBBEAN
Paraguay,PRY,01. Gross domestic product,C01,PRICE LEVEL INDEX (World = 100),S08,68.77785131,LATIN AMERICA AND CARIBBEAN
Paraguay,PRY,02. Actual individual consumption,C02,REAL EXPENDITURES PER CAPITA (US$),S06,5591.343503,LATIN AMERICA AND CARIBBEAN
Paraguay,PRY,02. Actual individual consumption,C02,PRICE LEVEL INDEX (World = 100),S08,65.09564029,LATIN AMERICA AND CARIBBEAN
Peru,PER,01. Gross domestic product,C01,REAL EXPENDITURES PER CAPITA (US$),S06,10981.46808,LATIN AMERICA AND CARIBBEAN
Peru,PER,01. Gross domestic product,C01,PRICE LEVEL INDEX (World = 100),S08,71.22695903,LATIN AMERICA AND CARIBBEAN
Peru,PER,02. Actual individual consumption,C02,REAL EXPENDITURES PER CAPITA (US$),S06,7147.675344,LATIN AMERICA AND CARIBBEAN
Peru,PER,02. Actual individual consumption,C02,PRICE LEVEL INDEX (World = 100),S08,66.12478172,LATIN AMERICA AND CARIBBEAN
Philippines,PHL,01. Gross domestic product,C01,REAL EXPENDITURES PER CAPITA (US$),S06,5772.204859,ASIA AND THE PACIFIC
Philippines,PHL,01. Gross domestic product,C01,PRICE LEVEL INDEX (World = 100),S08,53.15431234,ASIA AND THE PACIFIC
Philippines,PHL,02. Actual individual consumption,C02,REAL EXPENDITURES PER CAPITA (US$),S06,4490.273001,ASIA AND THE PACIFIC
Philippines,PHL,02. Actual individual consumption,C02,PRICE LEVEL INDEX (World = 100),S08,50.81915973,ASIA AND THE PACIFIC
Poland,POL,01. Gross domestic product,C01,REAL EXPENDITURES PER CAPITA (US$),S06,21752.96862,Eurostat-OECD
Poland,POL,01. Gross domestic product,C01,PRICE LEVEL INDEX (World = 100),S08,79.32608181,Eurostat-OECD
Poland,POL,02. Actual individual consumption,C02,REAL EXPENDITURES PER CAPITA (US$),S06,16307.36816,Eurostat-OECD
Poland,POL,02. Actual individual consumption,C02,PRICE LEVEL INDEX (World = 100),S08,73.10107355,Eurostat-OECD
Portugal,PRT,01. Gross domestic product,C01,REAL EXPENDITURES PER CAPITA (US$),S06,25671.78835,Eurostat-OECD
Portugal,PRT,01. Gross domestic product,C01,PRICE LEVEL INDEX (World = 100),S08,112.4999777,Eurostat-OECD
Portugal,PRT,02. Actual individual consumption,C02,REAL EXPENDITURES PER CAPITA (US$),S06,18584.04192,Eurostat-OECD
Portugal,PRT,02. Actual individual consumption,C02,PRICE LEVEL INDEX (World = 100),S08,115.4542645,Eurostat-OECD
Qatar,QAT,01. Gross domestic product,C01,REAL EXPENDITURES PER CAPITA (US$),S06,146520.7365,WESTERN ASIA
Qatar,QAT,01. Gross domestic product,C01,PRICE LEVEL INDEX (World = 100),S08,85.44917009,WESTERN ASIA
Qatar,QAT,02. Actual individual consumption,C02,REAL EXPENDITURES PER CAPITA (US$),S06,20552.15627,WESTERN ASIA
Qatar,QAT,02. Actual individual consumption,C02,PRICE LEVEL INDEX (World = 100),S08,97.45797244,WESTERN ASIA
Romania,ROU,01. Gross domestic product,C01,REAL EXPENDITURES PER CAPITA (US$),S06,16145.59237,Eurostat-OECD
Romania,ROU,01. Gross domestic product,C01,PRICE LEVEL INDEX (World = 100),S08,68.28083757,Eurostat-OECD
Romania,ROU,02. Actual individual consumption,C02,REAL EXPENDITURES PER CAPITA (US$),S06,11183.80155,Eurostat-OECD
Romania,ROU,02. Actual individual consumption,C02,PRICE LEVEL INDEX (World = 100),S08,68.82891228,Eurostat-OECD
Russian Federation (OECD),RUT,01. Gross domestic product,C01,REAL EXPENDITURES PER CAPITA (US$),S06,22502.19993,COMMONWEALTH OF INDEPENDENT STATES
Russian Federation (OECD),RUT,01. Gross domestic product,C01,PRICE LEVEL INDEX (World = 100),S08,76.20392006,COMMONWEALTH OF INDEPENDENT STATES
Russian Federation (OECD),RUT,02. Actual individual consumption,C02,REAL EXPENDITURES PER CAPITA (US$),S06,15175.04365,COMMONWEALTH OF INDEPENDENT STATES
Russian Federation (OECD),RUT,02. Actual individual consumption,C02,PRICE LEVEL INDEX (World = 100),S08,63.00705289,COMMONWEALTH OF INDEPENDENT STATES
Rwanda,RWA,01. Gross domestic product,C01,REAL EXPENDITURES PER CAPITA (US$),S06,1336.80486,AFRICA
Rwanda,RWA,01. Gross domestic product,C01,PRICE LEVEL INDEX (World = 100),S08,55.87009511,AFRICA
Rwanda,RWA,02. Actual individual consumption,C02,REAL EXPENDITURES PER CAPITA (US$),S06,1293.114588,AFRICA
Rwanda,RWA,02. Actual individual consumption,C02,PRICE LEVEL INDEX (World = 100),S08,48.49539282,AFRICA
São Tomé and Principe,STP,01. Gross domestic product,C01,REAL EXPENDITURES PER CAPITA (US$),S06,3044.813321,AFRICA
São Tomé and Principe,STP,01. Gross domestic product,C01,PRICE LEVEL INDEX (World = 100),S08,62.39580601,AFRICA
São Tomé and Principe,STP,02. Actual individual consumption,C02,REAL EXPENDITURES PER CAPITA (US$),S06,3339.98514,AFRICA
São Tomé and Principe,STP,02. Actual individual consumption,C02,PRICE LEVEL INDEX (World = 100),S08,64.30406941,AFRICA
Saudi Arabia,SAU,01. Gross domestic product,C01,REAL EXPENDITURES PER CAPITA (US$),S06,48163.46069,WESTERN ASIA
Saudi Arabia,SAU,01. Gross domestic product,C01,PRICE LEVEL INDEX (World = 100),S08,63.16986268,WESTERN ASIA
Saudi Arabia,SAU,02. Actual individual consumption,C02,REAL EXPENDITURES PER CAPITA (US$),S06,17796.84727,WESTERN ASIA
Saudi Arabia,SAU,02. Actual individual consumption,C02,PRICE LEVEL INDEX (World = 100),S08,60.70714581,WESTERN ASIA
Senegal,SEN,01. Gross domestic product,C01,REAL EXPENDITURES PER CAPITA (US$),S06,2243.032602,AFRICA
Senegal,SEN,01. Gross domestic product,C01,PRICE LEVEL INDEX (World = 100),S08,64.5729531,AFRICA
Senegal,SEN,02. Actual individual consumption,C02,REAL EXPENDITURES PER CAPITA (US$),S06,1923.359492,AFRICA
Senegal,SEN,02. Actual individual consumption,C02,PRICE LEVEL INDEX (World = 100),S08,60.25278134,AFRICA
Serbia,SRB,01. Gross domestic product,C01,REAL EXPENDITURES PER CAPITA (US$),S06,11854.29532,Eurostat-OECD
Serbia,SRB,01. Gross domestic product,C01,PRICE LEVEL INDEX (World = 100),S08,65.56375071,Eurostat-OECD
Serbia,SRB,02. Actual individual consumption,C02,REAL EXPENDITURES PER CAPITA (US$),S06,10107.38642,Eurostat-OECD
Serbia,SRB,02. Actual individual consumption,C02,PRICE LEVEL INDEX (World = 100),S08,66.70739138,Eurostat-OECD
Seychelles,SYC,01. Gross domestic product,C01,REAL EXPENDITURES PER CAPITA (US$),S06,22569.3303,AFRICA
Seychelles,SYC,01. Gross domestic product,C01,PRICE LEVEL INDEX (World = 100),S08,69.68296779,AFRICA
Seychelles,SYC,02. Actual individual consumption,C02,REAL EXPENDITURES PER CAPITA (US$),S06,13112.73888,AFRICA
Seychelles,SYC,02. Actual individual consumption,C02,PRICE LEVEL INDEX (World = 100),S08,70.34914301,AFRICA
Sierra Leone,SLE,01. Gross domestic product,C01,REAL EXPENDITURES PER CAPITA (US$),S06,1369.295614,AFRICA
Sierra Leone,SLE,01. Gross domestic product,C01,PRICE LEVEL INDEX (World = 100),S08,46.18887171,AFRICA
Sierra Leone,SLE,02. Actual individual consumption,C02,REAL EXPENDITURES PER CAPITA (US$),S06,1193.600472,AFRICA
Sierra Leone,SLE,02. Actual individual consumption,C02,PRICE LEVEL INDEX (World = 100),S08,45.97323449,AFRICA
Singapore,SGP,01. Gross domestic product,C01,REAL EXPENDITURES PER CAPITA (US$),S06,72295.896,ASIA AND THE PACIFIC
Singapore,SGP,01. Gross domestic product,C01,PRICE LEVEL INDEX (World = 100),S08,91.39860605,ASIA AND THE PACIFIC
Singapore,SGP,02. Actual individual consumption,C02,REAL EXPENDITURES PER CAPITA (US$),S06,24724.56365,ASIA AND THE PACIFIC
Singapore,SGP,02. Actual individual consumption,C02,PRICE LEVEL INDEX (World = 100),S08,110.7137641,ASIA AND THE PACIFIC
Sint Maarten,SXM,01. Gross domestic product,C01,REAL EXPENDITURES PER CAPITA (US$),S06,32972.14404,LATIN AMERICA AND CARIBBEAN
Sint Maarten,SXM,01. Gross domestic product,C01,PRICE LEVEL INDEX (World = 100),S08,99.34762686,LATIN AMERICA AND CARIBBEAN
Sint Maarten,SXM,02. Actual individual consumption,C02,REAL EXPENDITURES PER CAPITA (US$),S06,19297.63569,LATIN AMERICA AND CARIBBEAN
Sint Maarten,SXM,02. Actual individual consumption,C02,PRICE LEVEL INDEX (World = 100),S08,105.4449256,LATIN AMERICA AND CARIBBEAN
Slovakia,SVK,01. Gross domestic product,C01,REAL EXPENDITURES PER CAPITA (US$),S06,25129.71502,Eurostat-OECD
Slovakia,SVK,01. Gross domestic product,C01,PRICE LEVEL INDEX (World = 100),S08,91.1473963,Eurostat-OECD
Slovakia,SVK,02. Actual individual consumption,C02,REAL EXPENDITURES PER CAPITA (US$),S06,16880.25066,Eurostat-OECD
Slovakia,SVK,02. Actual individual consumption,C02,PRICE LEVEL INDEX (World = 100),S08,86.99665947,Eurostat-OECD
Slovenia,SVN,01. Gross domestic product,C01,REAL EXPENDITURES PER CAPITA (US$),S06,28156.4485,Eurostat-OECD
Slovenia,SVN,01. Gross domestic product,C01,PRICE LEVEL INDEX (World = 100),S08,112.1162778,Eurostat-OECD
Slovenia,SVN,02. Actual individual consumption,C02,REAL EXPENDITURES PER CAPITA (US$),S06,18880.06715,Eurostat-OECD
Slovenia,SVN,02. Actual individual consumption,C02,PRICE LEVEL INDEX (World = 100),S08,112.8641835,Eurostat-OECD
South Africa,ZAF,01. Gross domestic product,C01,REAL EXPENDITURES PER CAPITA (US$),S06,12111.35616,AFRICA
South Africa,ZAF,01. Gross domestic product,C01,PRICE LEVEL INDEX (World = 100),S08,84.78172219,AFRICA
South Africa,ZAF,02. Actual individual consumption,C02,REAL EXPENDITURES PER CAPITA (US$),S06,8279.742702,AFRICA
South Africa,ZAF,02. Actual individual consumption,C02,PRICE LEVEL INDEX (World = 100),S08,81.86491236,AFRICA
Spain,ESP,01. Gross domestic product,C01,REAL EXPENDITURES PER CAPITA (US$),S06,32156.47215,Eurostat-OECD
Spain,ESP,01. Gross domestic product,C01,PRICE LEVEL INDEX (World = 100),S08,126.4581598,Eurostat-OECD
Spain,ESP,02. Actual individual consumption,C02,REAL EXPENDITURES PER CAPITA (US$),S06,21484.3008,Eurostat-OECD
Spain,ESP,02. Actual individual consumption,C02,PRICE LEVEL INDEX (World = 100),S08,129.7054921,Eurostat-OECD
Sri Lanka,LKA,01. Gross domestic product,C01,REAL EXPENDITURES PER CAPITA (US$),S06,8110.748098,ASIA AND THE PACIFIC
Sri Lanka,LKA,01. Gross domestic product,C01,PRICE LEVEL INDEX (World = 100),S08,45.08196621,ASIA AND THE PACIFIC
Sri Lanka,LKA,02. Actual individual consumption,C02,REAL EXPENDITURES PER CAPITA (US$),S06,6393.475446,ASIA AND THE PACIFIC
Sri Lanka,LKA,02. Actual individual consumption,C02,PRICE LEVEL INDEX (World = 100),S08,42.46098817,ASIA AND THE PACIFIC
St. Kitts and Nevis,KNA,01. Gross domestic product,C01,REAL EXPENDITURES PER CAPITA (US$),S06,20582.49051,LATIN AMERICA AND CARIBBEAN
St. Kitts and Nevis,KNA,01. Gross domestic product,C01,PRICE LEVEL INDEX (World = 100),S08,86.11039213,LATIN AMERICA AND CARIBBEAN
St. Kitts and Nevis,KNA,02. Actual individual consumption,C02,REAL EXPENDITURES PER CAPITA (US$),S06,14443.74569,LATIN AMERICA AND CARIBBEAN
St. Kitts and Nevis,KNA,02. Actual individual consumption,C02,PRICE LEVEL INDEX (World = 100),S08,88.80270774,LATIN AMERICA AND CARIBBEAN
St. Lucia,LCA,01. Gross domestic product,C01,REAL EXPENDITURES PER CAPITA (US$),S06,9893.038455,LATIN AMERICA AND CARIBBEAN
St. Lucia,LCA,01. Gross domestic product,C01,PRICE LEVEL INDEX (World = 100),S08,88.05075831,LATIN AMERICA AND CARIBBEAN
St. Lucia,LCA,02. Actual individual consumption,C02,REAL EXPENDITURES PER CAPITA (US$),S06,7520.253976,LATIN AMERICA AND CARIBBEAN
St. Lucia,LCA,02. Actual individual consumption,C02,PRICE LEVEL INDEX (World = 100),S08,90.10449474,LATIN AMERICA AND CARIBBEAN
St. Vincent and the Grenadines,VCT,01. Gross domestic product,C01,REAL EXPENDITURES PER CAPITA (US$),S06,9883.01861,LATIN AMERICA AND CARIBBEAN
St. Vincent and the Grenadines,VCT,01. Gross domestic product,C01,PRICE LEVEL INDEX (World = 100),S08,80.77676354,LATIN AMERICA AND CARIBBEAN
St. Vincent and the Grenadines,VCT,02. Actual individual consumption,C02,REAL EXPENDITURES PER CAPITA (US$),S06,8355.932579,LATIN AMERICA AND CARIBBEAN
St. Vincent and the Grenadines,VCT,02. Actual individual consumption,C02,PRICE LEVEL INDEX (World = 100),S08,85.49902543,LATIN AMERICA AND CARIBBEAN
Sudan (AFR),SDN,01. Gross domestic product,C01,REAL EXPENDITURES PER CAPITA (US$),S06,3607.977158,WESTERN ASIA
Sudan (AFR),SDN,01. Gross domestic product,C01,PRICE LEVEL INDEX (World = 100),S08,59.18571068,WESTERN ASIA
Sudan (AFR),SDN,02. Actual individual consumption,C02,REAL EXPENDITURES PER CAPITA (US$),S06,2308.882733,WESTERN ASIA
Sudan (AFR),SDN,02. Actual individual consumption,C02,PRICE LEVEL INDEX (World = 100),S08,62.71719519,WESTERN ASIA
Suriname,SUR,01. Gross domestic product,C01,REAL EXPENDITURES PER CAPITA (US$),S06,14462.99268,LATIN AMERICA AND CARIBBEAN
Suriname,SUR,01. Gross domestic product,C01,PRICE LEVEL INDEX (World = 100),S08,72.05510466,LATIN AMERICA AND CARIBBEAN
Suriname,SUR,02. Actual individual consumption,C02,REAL EXPENDITURES PER CAPITA (US$),S06,5912.541573,LATIN AMERICA AND CARIBBEAN
Suriname,SUR,02. Actual individual consumption,C02,PRICE LEVEL INDEX (World = 100),S08,65.30691041,LATIN AMERICA AND CARIBBEAN
Swaziland,SWZ,01. Gross domestic product,C01,REAL EXPENDITURES PER CAPITA (US$),S06,6327.772182,AFRICA
Swaziland,SWZ,01. Gross domestic product,C01,PRICE LEVEL INDEX (World = 100),S08,69.2698412,AFRICA
Swaziland,SWZ,02. Actual individual consumption,C02,REAL EXPENDITURES PER CAPITA (US$),S06,5821.757552,AFRICA
Swaziland,SWZ,02. Actual individual consumption,C02,PRICE LEVEL INDEX (World = 100),S08,65.58064651,AFRICA
Sweden,SWE,01. Gross domestic product,C01,REAL EXPENDITURES PER CAPITA (US$),S06,41761.43995,Eurostat-OECD
Sweden,SWE,01. Gross domestic product,C01,PRICE LEVEL INDEX (World = 100),S08,175.0937574,Eurostat-OECD
Sweden,SWE,02. Actual individual consumption,C02,REAL EXPENDITURES PER CAPITA (US$),S06,26781.3967,Eurostat-OECD
Sweden,SWE,02. Actual individual consumption,C02,PRICE LEVEL INDEX (World = 100),S08,177.2457676,Eurostat-OECD
Switzerland,CHE,01. Gross domestic product,C01,REAL EXPENDITURES PER CAPITA (US$),S06,51582.22943,Eurostat-OECD
Switzerland,CHE,01. Gross domestic product,C01,PRICE LEVEL INDEX (World = 100),S08,209.6300922,Eurostat-OECD
Switzerland,CHE,02. Actual individual consumption,C02,REAL EXPENDITURES PER CAPITA (US$),S06,29464.66628,Eurostat-OECD
Switzerland,CHE,02. Actual individual consumption,C02,PRICE LEVEL INDEX (World = 100),S08,225.3092277,Eurostat-OECD
"Taiwan, China",TWN,01. Gross domestic product,C01,REAL EXPENDITURES PER CAPITA (US$),S06,39059.09655,ASIA AND THE PACIFIC
"Taiwan, China",TWN,01. Gross domestic product,C01,PRICE LEVEL INDEX (World = 100),S08,66.12977842,ASIA AND THE PACIFIC
"Taiwan, China",TWN,02. Actual individual consumption,C02,REAL EXPENDITURES PER CAPITA (US$),S06,25128.80257,ASIA AND THE PACIFIC
"Taiwan, China",TWN,02. Actual individual consumption,C02,PRICE LEVEL INDEX (World = 100),S08,64.03968726,ASIA AND THE PACIFIC
Tajikistan,TJK,01. Gross domestic product,C01,REAL EXPENDITURES PER CAPITA (US$),S06,2242.585758,COMMONWEALTH OF INDEPENDENT STATES
Tajikistan,TJK,01. Gross domestic product,C01,PRICE LEVEL INDEX (World = 100),S08,48.66278066,COMMONWEALTH OF INDEPENDENT STATES
Tajikistan,TJK,02. Actual individual consumption,C02,REAL EXPENDITURES PER CAPITA (US$),S06,3024.81966,COMMONWEALTH OF INDEPENDENT STATES
Tajikistan,TJK,02. Actual individual consumption,C02,PRICE LEVEL INDEX (World = 100),S08,40.1314013,COMMONWEALTH OF INDEPENDENT STATES
Tanzania,TZA,01. Gross domestic product,C01,REAL EXPENDITURES PER CAPITA (US$),S06,1554.263881,AFRICA
Tanzania,TZA,01. Gross domestic product,C01,PRICE LEVEL INDEX (World = 100),S08,42.85656912,AFRICA
Tanzania,TZA,02. Actual individual consumption,C02,REAL EXPENDITURES PER CAPITA (US$),S06,1029.230452,AFRICA
Tanzania,TZA,02. Actual individual consumption,C02,PRICE LEVEL INDEX (World = 100),S08,42.74966229,AFRICA
Thailand,THA,01. Gross domestic product,C01,REAL EXPENDITURES PER CAPITA (US$),S06,13298.85946,ASIA AND THE PACIFIC
Thailand,THA,01. Gross domestic product,C01,PRICE LEVEL INDEX (World = 100),S08,52.31550678,ASIA AND THE PACIFIC
Thailand,THA,02. Actual individual consumption,C02,REAL EXPENDITURES PER CAPITA (US$),S06,8477.116977,ASIA AND THE PACIFIC
Thailand,THA,02. Actual individual consumption,C02,PRICE LEVEL INDEX (World = 100),S08,49.15440254,ASIA AND THE PACIFIC
Togo,TGO,01. Gross domestic product,C01,REAL EXPENDITURES PER CAPITA (US$),S06,1313.953166,AFRICA
Togo,TGO,01. Gross domestic product,C01,PRICE LEVEL INDEX (World = 100),S08,58.77204375,AFRICA
Togo,TGO,02. Actual individual consumption,C02,REAL EXPENDITURES PER CAPITA (US$),S06,1193.218577,AFRICA
Togo,TGO,02. Actual individual consumption,C02,PRICE LEVEL INDEX (World = 100),S08,55.3743427,AFRICA
Trinidad and Tobago,TTO,01. Gross domestic product,C01,REAL EXPENDITURES PER CAPITA (US$),S06,28743.34024,LATIN AMERICA AND CARIBBEAN
Trinidad and Tobago,TTO,01. Gross domestic product,C01,PRICE LEVEL INDEX (World = 100),S08,79.22732404,LATIN AMERICA AND CARIBBEAN
Trinidad and Tobago,TTO,02. Actual individual consumption,C02,REAL EXPENDITURES PER CAPITA (US$),S06,15691.1781,LATIN AMERICA AND CARIBBEAN
Trinidad and Tobago,TTO,02. Actual individual consumption,C02,PRICE LEVEL INDEX (World = 100),S08,81.54914857,LATIN AMERICA AND CARIBBEAN
Tunisia,TUN,01. Gross domestic product,C01,REAL EXPENDITURES PER CAPITA (US$),S06,10318.58644,AFRICA
Tunisia,TUN,01. Gross domestic product,C01,PRICE LEVEL INDEX (World = 100),S08,54.23999907,AFRICA
Tunisia,TUN,02. Actual individual consumption,C02,REAL EXPENDITURES PER CAPITA (US$),S06,7289.728269,AFRICA
Tunisia,TUN,02. Actual individual consumption,C02,PRICE LEVEL INDEX (World = 100),S08,55.2451721,AFRICA
Turkey,TUR,01. Gross domestic product,C01,REAL EXPENDITURES PER CAPITA (US$),S06,17780.88591,Eurostat-OECD
Turkey,TUR,01. Gross domestic product,C01,PRICE LEVEL INDEX (World = 100),S08,75.67734348,Eurostat-OECD
Turkey,TUR,02. Actual individual consumption,C02,REAL EXPENDITURES PER CAPITA (US$),S06,13731.90163,Eurostat-OECD
Turkey,TUR,02. Actual individual consumption,C02,PRICE LEVEL INDEX (World = 100),S08,74.6497983,Eurostat-OECD
Turks and Caicos Islands,TCA,01. Gross domestic product,C01,REAL EXPENDITURES PER CAPITA (US$),S06,20878.38442,LATIN AMERICA AND CARIBBEAN
Turks and Caicos Islands,TCA,01. Gross domestic product,C01,PRICE LEVEL INDEX (World = 100),S08,141.8793823,LATIN AMERICA AND CARIBBEAN
Turks and Caicos Islands,TCA,02. Actual individual consumption,C02,REAL EXPENDITURES PER CAPITA (US$),S06,7592.619057,LATIN AMERICA AND CARIBBEAN
Turks and Caicos Islands,TCA,02. Actual individual consumption,C02,PRICE LEVEL INDEX (World = 100),S08,148.6559528,LATIN AMERICA AND CARIBBEAN
Uganda,UGA,01. Gross domestic product,C01,REAL EXPENDITURES PER CAPITA (US$),S06,1597.230853,AFRICA
Uganda,UGA,01. Gross domestic product,C01,PRICE LEVEL INDEX (World = 100),S08,42.60714208,AFRICA
Uganda,UGA,02. Actual individual consumption,C02,REAL EXPENDITURES PER CAPITA (US$),S06,1390.087689,AFRICA
Uganda,UGA,02. Actual individual consumption,C02,PRICE LEVEL INDEX (World = 100),S08,42.90042286,AFRICA
Ukraine,UKR,01. Gross domestic product,C01,REAL EXPENDITURES PER CAPITA (US$),S06,8295.171712,Eurostat-OECD
Ukraine,UKR,01. Gross domestic product,C01,PRICE LEVEL INDEX (World = 100),S08,55.58271412,Eurostat-OECD
Ukraine,UKR,02. Actual individual consumption,C02,REAL EXPENDITURES PER CAPITA (US$),S06,7906.798548,Eurostat-OECD
Ukraine,UKR,02. Actual individual consumption,C02,PRICE LEVEL INDEX (World = 100),S08,44.61706026,Eurostat-OECD
United Arab Emirates,ARE,01. Gross domestic product,C01,REAL EXPENDITURES PER CAPITA (US$),S06,60886.22979,WESTERN ASIA
United Arab Emirates,ARE,01. Gross domestic product,C01,PRICE LEVEL INDEX (World = 100),S08,89.33822884,WESTERN ASIA
United Arab Emirates,ARE,02. Actual individual consumption,C02,REAL EXPENDITURES PER CAPITA (US$),S06,29462.69967,WESTERN ASIA
United Arab Emirates,ARE,02. Actual individual consumption,C02,PRICE LEVEL INDEX (World = 100),S08,94.20968978,WESTERN ASIA
United Kingdom,GBR,01. Gross domestic product,C01,REAL EXPENDITURES PER CAPITA (US$),S06,35091.08618,Eurostat-OECD
United Kingdom,GBR,01. Gross domestic product,C01,PRICE LEVEL INDEX (World = 100),S08,144.2034851,Eurostat-OECD
United Kingdom,GBR,02. Actual individual consumption,C02,REAL EXPENDITURES PER CAPITA (US$),S06,26146.27409,Eurostat-OECD
United Kingdom,GBR,02. Actual individual consumption,C02,PRICE LEVEL INDEX (World = 100),S08,146.691831,Eurostat-OECD
United States,USA,01. Gross domestic product,C01,REAL EXPENDITURES PER CAPITA (US$),S06,49782.07643,Eurostat-OECD
United States,USA,01. Gross domestic product,C01,PRICE LEVEL INDEX (World = 100),S08,128.9523767,Eurostat-OECD
United States,USA,02. Actual individual consumption,C02,REAL EXPENDITURES PER CAPITA (US$),S06,37389.83419,Eurostat-OECD
United States,USA,02. Actual individual consumption,C02,PRICE LEVEL INDEX (World = 100),S08,124.6517254,Eurostat-OECD
Uruguay,URY,01. Gross domestic product,C01,REAL EXPENDITURES PER CAPITA (US$),S06,17342.96498,LATIN AMERICA AND CARIBBEAN
Uruguay,URY,01. Gross domestic product,C01,PRICE LEVEL INDEX (World = 100),S08,102.0289791,LATIN AMERICA AND CARIBBEAN
Uruguay,URY,02. Actual individual consumption,C02,REAL EXPENDITURES PER CAPITA (US$),S06,12898.913,LATIN AMERICA AND CARIBBEAN
Uruguay,URY,02. Actual individual consumption,C02,PRICE LEVEL INDEX (World = 100),S08,100.1454976,LATIN AMERICA AND CARIBBEAN
"Venezuela, RB",VEN,01. Gross domestic product,C01,REAL EXPENDITURES PER CAPITA (US$),S06,16964.80615,n/a
"Venezuela, RB",VEN,01. Gross domestic product,C01,PRICE LEVEL INDEX (World = 100),S08,81.56907358,n/a
"Venezuela, RB",VEN,02. Actual individual consumption,C02,REAL EXPENDITURES PER CAPITA (US$),S06,10262.66976,n/a
"Venezuela, RB",VEN,02. Actual individual consumption,C02,PRICE LEVEL INDEX (World = 100),S08,79.102388,n/a
Vietnam,VNM,01. Gross domestic product,C01,REAL EXPENDITURES PER CAPITA (US$),S06,4716.972756,ASIA AND THE PACIFIC
Vietnam,VNM,01. Gross domestic product,C01,PRICE LEVEL INDEX (World = 100),S08,42.18316652,ASIA AND THE PACIFIC
Vietnam,VNM,02. Actual individual consumption,C02,REAL EXPENDITURES PER CAPITA (US$),S06,2990.943979,ASIA AND THE PACIFIC
Vietnam,VNM,02. Actual individual consumption,C02,PRICE LEVEL INDEX (World = 100),S08,40.78022847,ASIA AND THE PACIFIC
"Virgin Islands, British",VGB,01. Gross domestic product,C01,REAL EXPENDITURES PER CAPITA (US$),S06,30290.40106,LATIN AMERICA AND CARIBBEAN
"Virgin Islands, British",VGB,01. Gross domestic product,C01,PRICE LEVEL INDEX (World = 100),S08,138.6991332,LATIN AMERICA AND CARIBBEAN
"Virgin Islands, British",VGB,02. Actual individual consumption,C02,REAL EXPENDITURES PER CAPITA (US$),S06,10753.12285,LATIN AMERICA AND CARIBBEAN
"Virgin Islands, British",VGB,02. Actual individual consumption,C02,PRICE LEVEL INDEX (World = 100),S08,145.1045032,LATIN AMERICA AND CARIBBEAN
West Bank and Gaza,PSE,01. Gross domestic product,C01,REAL EXPENDITURES PER CAPITA (US$),S06,3832.951333,WESTERN ASIA
West Bank and Gaza,PSE,01. Gross domestic product,C01,PRICE LEVEL INDEX (World = 100),S08,78.88474949,WESTERN ASIA
West Bank and Gaza,PSE,02. Actual individual consumption,C02,REAL EXPENDITURES PER CAPITA (US$),S06,4070.322213,WESTERN ASIA
West Bank and Gaza,PSE,02. Actual individual consumption,C02,PRICE LEVEL INDEX (World = 100),S08,77.70065815,WESTERN ASIA
"Yemen, Rep.",YEM,01. Gross domestic product,C01,REAL EXPENDITURES PER CAPITA (US$),S06,3716.098856,n/a
"Yemen, Rep.",YEM,01. Gross domestic product,C01,PRICE LEVEL INDEX (World = 100),S08,45.72932064,n/a
"Yemen, Rep.",YEM,02. Actual individual consumption,C02,REAL EXPENDITURES PER CAPITA (US$),S06,2762.405572,n/a
"Yemen, Rep.",YEM,02. Actual individual consumption,C02,PRICE LEVEL INDEX (World = 100),S08,43.43507797,n/a
Zambia,ZMB,01. Gross domestic product,C01,REAL EXPENDITURES PER CAPITA (US$),S06,3154.736397,AFRICA
Zambia,ZMB,01. Gross domestic product,C01,PRICE LEVEL INDEX (World = 100),S08,63.09788711,AFRICA
Zambia,ZMB,02. Actual individual consumption,C02,REAL EXPENDITURES PER CAPITA (US$),S06,1778.18244,AFRICA
Zambia,ZMB,02. Actual individual consumption,C02,PRICE LEVEL INDEX (World = 100),S08,59.82452855,AFRICA
Zimbabwe,ZWE,01. Gross domestic product,C01,REAL EXPENDITURES PER CAPITA (US$),S06,1377.97959,AFRICA
Zimbabwe,ZWE,01. Gross domestic product,C01,PRICE LEVEL INDEX (World = 100),S08,65.04709806,AFRICA
Zimbabwe,ZWE,02. Actual individual consumption,C02,REAL EXPENDITURES PER CAPITA (US$),S06,1349.185574,AFRICA
Zimbabwe,ZWE,02. Actual individual consumption,C02,PRICE LEVEL INDEX (World = 100),S08,61.22724104,AFRICA
,,,,,,,
,,,,,,,
,,,,,,,
Data from database: International Comparison Program (ICP) 2011,,,,,,,
Last Updated: 05/09/2017,,,,,,,
